,season_number,season_start,season_end,episode_number,episode_title,pitch_number,startup_name,industry,business_description,number_of_presenters,male_presenters,female_presenters,transgender_presenters,couple_presenters,pitchers_average_age,started_in,pitchers_city,pitchers_state,yearly_revenue,monthly_sales,gross_margin,net_margin,original_ask_amount,original_offered_equity,valuation_requested,received_offer,accepted_offer,total_deal_amount,total_deal_equity,total_deal_debt,debt_interest,deal_valuation,number_of_sharks_in_deal,deal_has_conditions,has_patents,ashneer_investment_amount,ashneer_investment_equity,ashneer_debt_amount,namita_investment_amount,namita_investment_equity,namita_debt_amount,anupam_investment_amount,anupam_investment_equity,anupam_debt_amount,vineeta_investment_amount,vineeta_investment_equity,vineeta_debt_amount,aman_investment_amount,aman_investment_equity,aman_debt_amount,peyush_investment_amount,peyush_investment_equity,peyush_debt_amount,ghazal_investment_amount,ghazal_investment_equity,ghazal_debt_amount,amit_investment_amount,amit_investment_equity,amit_debt_amount,guest_investment_amount,guest_investment_equity,guest_debt_amount,guest_name,investors
0,1.0,2021-12-20,2022-02-04,1.0,Badlegi Business Ki Tasveer,1.0,BluePineFoods,Food,Frozen Momos,3.0,2.0,1.0,0.0,0.0,Middle,2016.0,Delhi,Delhi,95.0,8.0,0.0,0.0,50.0,5.0,1000.0,1.0,1.0,75.0,16.0,0.0,0.0,469.0,3.0,no,0.0,25.0,5.33,0.0,0.0,0.0,0.0,0.0,0.0,0.0,25.0,5.33,0.0,25.0,5.33,0.0,0.0,0.0,0.0,0.0,0.0,0.0,0.0,0.0,0.0,0.0,0.0,0.0,Not present,"Ashneer, Vineeta, Aman"
1,1.0,2021-12-20,2022-02-04,1.0,Badlegi Business Ki Tasveer,2.0,BoozScooters,Vehicles/Electrical Vehicles,Renting e-bike for mobility in private spaces,1.0,1.0,0.0,0.0,0.0,Young,2017.0,Ahmedabad,Gujarat,4.0,0.4,0.0,0.0,40.0,15.0,267.0,1.0,1.0,40.0,50.0,0.0,0.0,80.0,2.0,no,0.0,20.0,25.0,0.0,0.0,0.0,0.0,0.0,0.0,0.0,20.0,25.0,0.0,0.0,0.0,0.0,0.0,0.0,0.0,0.0,0.0,0.0,0.0,0.0,0.0,0.0,0.0,0.0,Not present,"Ashneer, Vineeta"
2,1.0,2021-12-20,2022-02-04,1.0,Badlegi Business Ki Tasveer,3.0,HeartUpMySleeves,Beauty/Fashion,Detachable Sleeves,1.0,0.0,1.0,0.0,0.0,Young,2021.0,Delhi,Delhi,0.0,2.0,0.0,0.0,25.0,10.0,250.0,1.0,1.0,25.0,30.0,0.0,0.0,83.0,2.0,no,0.0,0.0,0.0,0.0,0.0,0.0,0.0,12.5,15.0,0.0,12.5,15.0,0.0,0.0,0.0,0.0,0.0,0.0,0.0,0.0,0.0,0.0,0.0,0.0,0.0,0.0,0.0,0.0,Not present,"Anupam, Vineeta"
3,1.0,2021-12-20,2022-02-04,2.0,"Insaan, Ideas Aur Sapne",4.0,TagzFoods,Food,Healthy Potato Chips Snacks,2.0,2.0,0.0,0.0,0.0,Middle,2019.0,Bangalore,Karnataka,700.0,0.0,48.0,0.0,70.0,1.0,7000.0,1.0,1.0,70.0,2.75,0.0,0.0,2545.0,1.0,no,0.0,70.0,2.75,0.0,0.0,0.0,0.0,0.0,0.0,0.0,0.0,0.0,0.0,0.0,0.0,0.0,0.0,0.0,0.0,0.0,0.0,0.0,0.0,0.0,0.0,0.0,0.0,0.0,Not present,Ashneer
4,1.0,2021-12-20,2022-02-04,2.0,"Insaan, Ideas Aur Sapne",5.0,HeadAndHeart,Education,Brain Development Course,4.0,1.0,3.0,0.0,1.0,Middle,2015.0,Patiala,Punjab,30.0,0.0,0.0,0.0,50.0,5.0,1000.0,0.0,0.0,0.0,0.0,0.0,0.0,0.0,0.0,no,0.0,0.0,0.0,0.0,0.0,0.0,0.0,0.0,0.0,0.0,0.0,0.0,0.0,0.0,0.0,0.0,0.0,0.0,0.0,0.0,0.0,0.0,0.0,0.0,0.0,0.0,0.0,0.0,Not present,None
5,1.0,2021-12-20,2022-02-04,2.0,"Insaan, Ideas Aur Sapne",6.0,Agritourism,Agriculture,Tourism,2.0,1.0,1.0,0.0,1.0,Middle,2005.0,Baramati,Maharashtra,79.0,0.0,0.0,0.0,50.0,5.0,1000.0,0.0,0.0,0.0,0.0,0.0,0.0,0.0,0.0,no,0.0,0.0,0.0,0.0,0.0,0.0,0.0,0.0,0.0,0.0,0.0,0.0,0.0,0.0,0.0,0.0,0.0,0.0,0.0,0.0,0.0,0.0,0.0,0.0,0.0,0.0,0.0,0.0,Not present,None
6,1.0,2021-12-20,2022-02-04,3.0,Aam Aadmi Ke Business Ideas,7.0,qZenseLabs,Food,Food Freshness Detector,2.0,0.0,2.0,0.0,0.0,Middle,2020.0,"Delhi,Mohali","Delhi,Punjab",25.0,0.0,0.0,0.0,100.0,0.25,40000.0,1.0,0.0,0.0,0.0,0.0,0.0,0.0,0.0,no,0.0,0.0,0.0,0.0,0.0,0.0,0.0,0.0,0.0,0.0,0.0,0.0,0.0,0.0,0.0,0.0,0.0,0.0,0.0,0.0,0.0,0.0,0.0,0.0,0.0,0.0,0.0,0.0,Not present,None
7,1.0,2021-12-20,2022-02-04,3.0,Aam Aadmi Ke Business Ideas,8.0,Peeschute,Beauty/Fashion,Disposable Urine Bag,1.0,1.0,0.0,0.0,0.0,Young,2019.0,Jalna,Maharashtra,100.0,0.0,0.0,0.0,75.0,4.0,1875.0,1.0,1.0,75.0,6.0,0.0,0.0,1250.0,1.0,no,0.0,0.0,0.0,0.0,0.0,0.0,0.0,0.0,0.0,0.0,0.0,0.0,0.0,75.0,6.0,0.0,0.0,0.0,0.0,0.0,0.0,0.0,0.0,0.0,0.0,0.0,0.0,0.0,Not present,Aman
8,1.0,2021-12-20,2022-02-04,3.0,Aam Aadmi Ke Business Ideas,9.0,NOCD,Food,Energy Drink,2.0,2.0,0.0,0.0,0.0,Middle,2019.0,Bangalore,Karnataka,0.0,20.0,0.0,0.0,50.0,2.0,2500.0,1.0,1.0,20.0,15.0,30.0,0.0,133.0,1.0,no,0.0,0.0,0.0,0.0,0.0,0.0,0.0,0.0,0.0,0.0,20.0,15.0,30.0,0.0,0.0,0.0,0.0,0.0,0.0,0.0,0.0,0.0,0.0,0.0,0.0,0.0,0.0,0.0,Not present,Vineeta
9,1.0,2021-12-20,2022-02-04,4.0,Entrepreneurship Ki Wave,10.0,CosIQ,Beauty/Fashion,Intelligent Skincare,2.0,1.0,1.0,0.0,1.0,Middle,2021.0,Delhi,Delhi,0.0,4.0,75.0,0.0,50.0,7.5,667.0,1.0,1.0,50.0,25.0,0.0,0.0,200.0,2.0,no,0.0,0.0,0.0,0.0,0.0,0.0,0.0,25.0,12.5,0.0,25.0,12.5,0.0,0.0,0.0,0.0,0.0,0.0,0.0,0.0,0.0,0.0,0.0,0.0,0.0,0.0,0.0,0.0,Not present,"Anupam, Vineeta"
10,1.0,2021-12-20,2022-02-04,4.0,Entrepreneurship Ki Wave,11.0,JhaJiAchaar,Food,Pickle,2.0,0.0,2.0,0.0,0.0,Old,2021.0,Darbhanga,Bihar,0.0,5.0,18.0,0.0,50.0,10.0,500.0,1.0,1.0,56.6,5.62,0.0,0.0,1007.0,2.0,no,0.0,0.0,0.0,0.0,28.3,2.81,0.0,0.0,0.0,0.0,28.3,2.81,0.0,0.0,0.0,0.0,0.0,0.0,0.0,0.0,0.0,0.0,0.0,0.0,0.0,0.0,0.0,0.0,Not present,"Namita, Vineeta"
11,1.0,2021-12-20,2022-02-04,4.0,Entrepreneurship Ki Wave,12.0,Bummer,Beauty/Fashion,Underwear,1.0,1.0,0.0,0.0,0.0,Young,2020.0,Ahmedabad,Gujarat,0.0,15.0,70.0,0.0,75.0,4.0,1875.0,1.0,1.0,75.0,7.5,0.0,0.0,1000.0,2.0,no,0.0,0.0,0.0,0.0,37.5,3.75,0.0,0.0,0.0,0.0,0.0,0.0,0.0,37.5,3.75,0.0,0.0,0.0,0.0,0.0,0.0,0.0,0.0,0.0,0.0,0.0,0.0,0.0,Not present,"Namita, Aman"
12,1.0,2021-12-20,2022-02-04,5.0,Hunt For Interesting Business,13.0,RevampMoto,Vehicles/Electrical Vehicles,E-Bike Mitra bud-e RM,3.0,3.0,0.0,0.0,0.0,Young,0.0,Nashik,Maharashtra,0.0,0.01,0.0,0.0,100.0,1.0,10000.0,1.0,1.0,100.0,1.5,0.0,0.0,6667.0,2.0,no,0.0,0.0,0.0,0.0,0.0,0.0,0.0,50.0,0.75,0.0,0.0,0.0,0.0,50.0,0.75,0.0,0.0,0.0,0.0,0.0,0.0,0.0,0.0,0.0,0.0,0.0,0.0,0.0,Not present,"Anupam, Aman"
13,1.0,2021-12-20,2022-02-04,5.0,Hunt For Interesting Business,14.0,HungryHead,Food,Restaurant serving 80 types of Maggi,2.0,2.0,0.0,0.0,0.0,Middle,2013.0,Mumbai,Maharashtra,0.0,5.5,0.0,0.0,50.0,5.0,1000.0,0.0,0.0,0.0,0.0,0.0,0.0,0.0,0.0,no,0.0,0.0,0.0,0.0,0.0,0.0,0.0,0.0,0.0,0.0,0.0,0.0,0.0,0.0,0.0,0.0,0.0,0.0,0.0,0.0,0.0,0.0,0.0,0.0,0.0,0.0,0.0,0.0,Not present,None
14,1.0,2021-12-20,2022-02-04,5.0,Hunt For Interesting Business,15.0,ShrawaniEngineers,Beauty/Fashion,Belly Button Shaper,2.0,1.0,1.0,0.0,1.0,Middle,2019.0,Nagpur,Maharashtra,50.0,0.0,0.0,0.0,20.0,10.0,200.0,0.0,0.0,0.0,0.0,0.0,0.0,0.0,0.0,no,0.0,0.0,0.0,0.0,0.0,0.0,0.0,0.0,0.0,0.0,0.0,0.0,0.0,0.0,0.0,0.0,0.0,0.0,0.0,0.0,0.0,0.0,0.0,0.0,0.0,0.0,0.0,0.0,Not present,None
15,1.0,2021-12-20,2022-02-04,6.0,"New Week, New Ideas",16.0,SkippiIcePops,Food,Ice-Pops,2.0,1.0,1.0,0.0,1.0,Middle,0.0,Hyderabad,Telangana,0.0,6.0,0.0,0.0,45.0,5.0,900.0,1.0,1.0,100.0,15.0,0.0,0.0,667.0,5.0,no,0.0,20.0,3.0,0.0,20.0,3.0,0.0,20.0,3.0,0.0,20.0,3.0,0.0,20.0,3.0,0.0,0.0,0.0,0.0,0.0,0.0,0.0,0.0,0.0,0.0,0.0,0.0,0.0,Not present,"Ashneer, Namita, Anupam, Vineeta, Aman"
16,1.0,2021-12-20,2022-02-04,6.0,"New Week, New Ideas",17.0,Menstrupedia,Education,Menstrual Awareness Comic,2.0,1.0,1.0,0.0,1.0,Middle,0.0,Ahmedabad,Gujarat,115.0,0.0,0.0,0.0,50.0,10.0,500.0,1.0,1.0,50.0,20.0,0.0,0.0,250.0,1.0,no,0.0,0.0,0.0,0.0,50.0,20.0,0.0,0.0,0.0,0.0,0.0,0.0,0.0,0.0,0.0,0.0,0.0,0.0,0.0,0.0,0.0,0.0,0.0,0.0,0.0,0.0,0.0,0.0,Not present,Namita
17,1.0,2021-12-20,2022-02-04,6.0,"New Week, New Ideas",18.0,Hecoll,Beauty/Fashion,Pollution Resistant Fabric - Healthy Cover For All,1.0,0.0,1.0,0.0,0.0,Middle,2019.0,Hyderabad,Telangana,107.0,0.0,0.0,0.0,100.0,1.0,10000.0,0.0,0.0,0.0,0.0,0.0,0.0,0.0,0.0,no,0.0,0.0,0.0,0.0,0.0,0.0,0.0,0.0,0.0,0.0,0.0,0.0,0.0,0.0,0.0,0.0,0.0,0.0,0.0,0.0,0.0,0.0,0.0,0.0,0.0,0.0,0.0,0.0,Not present,None
18,1.0,2021-12-20,2022-02-04,7.0,A Never Give Up Spirit,19.0,RaisingSuperstars,Education,Child Development App,2.0,1.0,1.0,0.0,1.0,Middle,2020.0,Gurgaon,Haryana,1300.0,0.0,0.0,0.0,100.0,2.0,5000.0,1.0,1.0,100.0,4.0,0.0,0.0,2500.0,2.0,no,0.0,50.0,2.0,0.0,0.0,0.0,0.0,0.0,0.0,0.0,0.0,0.0,0.0,50.0,2.0,0.0,0.0,0.0,0.0,0.0,0.0,0.0,0.0,0.0,0.0,0.0,0.0,0.0,Not present,"Ashneer, Aman"
19,1.0,2021-12-20,2022-02-04,7.0,A Never Give Up Spirit,20.0,Torch-it,Education,Gadgets for visually impaired people,1.0,1.0,0.0,0.0,0.0,Middle,2018.0,Ahmedabad,Gujarat,0.0,1.0,0.0,0.0,75.0,1.0,7500.0,1.0,0.0,0.0,0.0,0.0,0.0,0.0,0.0,no,0.0,0.0,0.0,0.0,0.0,0.0,0.0,0.0,0.0,0.0,0.0,0.0,0.0,0.0,0.0,0.0,0.0,0.0,0.0,0.0,0.0,0.0,0.0,0.0,0.0,0.0,0.0,0.0,Not present,None
20,1.0,2021-12-20,2022-02-04,7.0,A Never Give Up Spirit,21.0,Kavach,Education,Report bullying incidents,2.0,1.0,1.0,0.0,0.0,Young,0.0,Gurgaon,Haryana,0.0,0.0,0.0,0.0,5.0,10.0,50.0,1.0,1.0,5.0,10.0,0.0,0.0,50.0,2.0,no,0.0,0.0,0.0,0.0,0.0,0.0,0.0,2.5,5.0,0.0,0.0,0.0,0.0,2.5,5.0,0.0,0.0,0.0,0.0,0.0,0.0,0.0,0.0,0.0,0.0,0.0,0.0,0.0,Not present,"Anupam, Aman"
21,1.0,2021-12-20,2022-02-04,7.0,A Never Give Up Spirit,22.0,LaKheerDeli,Food,Kheer in variety of flavors,3.0,1.0,2.0,0.0,0.0,Middle,0.0,Pune,Maharashtra,0.0,6.0,0.0,0.0,50.0,7.5,667.0,1.0,0.0,0.0,0.0,0.0,0.0,0.0,0.0,no,0.0,0.0,0.0,0.0,0.0,0.0,0.0,0.0,0.0,0.0,0.0,0.0,0.0,0.0,0.0,0.0,0.0,0.0,0.0,0.0,0.0,0.0,0.0,0.0,0.0,0.0,0.0,0.0,Not present,None
22,1.0,2021-12-20,2022-02-04,8.0,Shark Ko Impress Karne Wale Ideas,23.0,BeyondSnack,Food,Kerala Banana Chips,1.0,1.0,0.0,0.0,0.0,Middle,0.0,Thiruvananthapuram,Kerala,0.0,20.6,51.0,0.0,50.0,2.5,2000.0,1.0,1.0,50.0,2.5,0.0,0.0,2000.0,2.0,no,0.0,25.0,1.25,0.0,0.0,0.0,0.0,0.0,0.0,0.0,0.0,0.0,0.0,25.0,1.25,0.0,0.0,0.0,0.0,0.0,0.0,0.0,0.0,0.0,0.0,0.0,0.0,0.0,Not present,"Ashneer, Aman"
23,1.0,2021-12-20,2022-02-04,8.0,Shark Ko Impress Karne Wale Ideas,24.0,VivalyfInnovations,Medical/Health,Easy Life Prickless Diabetes Testing Machine,2.0,1.0,1.0,0.0,0.0,Young,0.0,Hyderabad,Telangana,0.0,0.0,0.0,0.0,56.0,7.5,747.0,1.0,1.0,56.0,33.33,0.0,0.0,168.0,2.0,no,0.0,0.0,0.0,0.0,0.0,0.0,0.0,28.0,16.66,0.0,0.0,0.0,0.0,0.0,0.0,0.0,28.0,16.66,0.0,0.0,0.0,0.0,0.0,0.0,0.0,0.0,0.0,0.0,Not present,"Anupam, Peyush"
24,1.0,2021-12-20,2022-02-04,8.0,Shark Ko Impress Karne Wale Ideas,25.0,MotionBreeze,Vehicles/Electrical Vehicles,Smart Electric Motorcycle,4.0,4.0,0.0,0.0,0.0,Middle,0.0,Vadodara,Gujarat,0.0,0.0,0.0,0.0,30.0,3.0,1000.0,1.0,1.0,30.0,6.0,0.0,0.0,500.0,1.0,no,0.0,30.0,6.0,0.0,0.0,0.0,0.0,0.0,0.0,0.0,0.0,0.0,0.0,0.0,0.0,0.0,0.0,0.0,0.0,0.0,0.0,0.0,0.0,0.0,0.0,0.0,0.0,0.0,Not present,Ashneer
25,1.0,2021-12-20,2022-02-04,9.0,Defining Innovations,26.0,Altor,Manufacturing,Smart Helmets,4.0,4.0,0.0,0.0,0.0,Young,2019.0,Kolkata,West Bengal,0.0,0.0,0.0,0.0,50.0,5.0,1000.0,1.0,1.0,50.0,7.0,0.0,0.0,714.0,2.0,no,0.0,0.0,0.0,0.0,25.0,3.5,0.0,0.0,0.0,0.0,0.0,0.0,0.0,25.0,3.5,0.0,0.0,0.0,0.0,0.0,0.0,0.0,0.0,0.0,0.0,0.0,0.0,0.0,Not present,"Namita, Aman"
26,1.0,2021-12-20,2022-02-04,9.0,Defining Innovations,27.0,Ariro,Manufacturing,Wooden Toys,2.0,1.0,1.0,0.0,1.0,Young,2020.0,Chennai,Tamil Nadu,300.0,25.0,50.0,0.0,50.0,2.5,2000.0,1.0,1.0,50.0,10.0,0.0,0.0,500.0,2.0,no,0.0,0.0,0.0,0.0,0.0,0.0,0.0,0.0,0.0,0.0,0.0,0.0,0.0,25.0,5.0,0.0,25.0,5.0,0.0,0.0,0.0,0.0,0.0,0.0,0.0,0.0,0.0,0.0,Not present,"Aman, Peyush"
27,1.0,2021-12-20,2022-02-04,9.0,Defining Innovations,28.0,KabiraHandmad,Food,Healthy Edible Oils dairy products spices flour,2.0,1.0,1.0,0.0,1.0,Middle,0.0,Jaipur,Rajasthan,0.0,160.0,3.0,0.0,100.0,5.0,2000.0,1.0,0.0,0.0,0.0,0.0,0.0,0.0,0.0,no,0.0,0.0,0.0,0.0,0.0,0.0,0.0,0.0,0.0,0.0,0.0,0.0,0.0,0.0,0.0,0.0,0.0,0.0,0.0,0.0,0.0,0.0,0.0,0.0,0.0,0.0,0.0,0.0,Not present,None
28,1.0,2021-12-20,2022-02-04,10.0,Passion About Entrepreneurship,29.0,Nuutjob,Beauty/Fashion,Male Intimate Hygiene deo spray,2.0,0.0,2.0,0.0,0.0,Young,2021.0,Ahmedabad,Gujarat,0.0,0.002,70.0,0.0,25.0,5.0,500.0,1.0,1.0,25.0,20.0,0.0,0.0,125.0,3.0,no,0.0,0.0,0.0,0.0,8.33,6.66,0.0,0.0,0.0,0.0,0.0,0.0,0.0,8.33,6.66,0.0,8.33,6.66,0.0,0.0,0.0,0.0,0.0,0.0,0.0,0.0,0.0,0.0,Not present,"Namita, Aman, Peyush"
29,1.0,2021-12-20,2022-02-04,10.0,Passion About Entrepreneurship,30.0,Meatyour,Food,Eggs,3.0,3.0,0.0,0.0,0.0,Middle,0.0,Pune,Maharashtra,130.0,2.8,30.0,0.0,30.0,5.0,600.0,1.0,1.0,30.0,20.0,0.0,0.0,150.0,3.0,no,0.0,0.0,0.0,0.0,0.0,0.0,0.0,10.0,6.66,0.0,0.0,0.0,0.0,10.0,6.66,0.0,10.0,6.66,0.0,0.0,0.0,0.0,0.0,0.0,0.0,0.0,0.0,0.0,Not present,"Anupam, Aman, Peyush"
30,1.0,2021-12-20,2022-02-04,10.0,Passion About Entrepreneurship,31.0,EventBeep,Education,Student Community App EdTech,3.0,2.0,1.0,0.0,0.0,Young,0.0,Pune,Maharashtra,0.0,0.0,0.0,0.0,30.0,2.0,1500.0,1.0,1.0,30.0,3.0,0.0,0.0,1000.0,3.0,no,0.0,10.0,1.0,0.0,0.0,0.0,0.0,0.0,0.0,0.0,0.0,0.0,0.0,10.0,1.0,0.0,10.0,1.0,0.0,0.0,0.0,0.0,0.0,0.0,0.0,0.0,0.0,0.0,Not present,"Ashneer, Aman, Peyush"
31,1.0,2021-12-20,2022-02-04,11.0,Investment Paane Ka Sapna,32.0,Gopal's56,Food,Fiber Ice Cream,1.0,1.0,0.0,0.0,0.0,Middle,2014.0,Delhi,Delhi,80.0,33.0,0.0,0.0,30000.0,25.0,120000.0,0.0,0.0,0.0,0.0,0.0,0.0,0.0,0.0,no,0.0,0.0,0.0,0.0,0.0,0.0,0.0,0.0,0.0,0.0,0.0,0.0,0.0,0.0,0.0,0.0,0.0,0.0,0.0,0.0,0.0,0.0,0.0,0.0,0.0,0.0,0.0,0.0,Not present,None
32,1.0,2021-12-20,2022-02-04,11.0,Investment Paane Ka Sapna,33.0,ARRCOATSurfaceTextures,Manufacturing,Wall Building Surface Textures,3.0,3.0,0.0,0.0,0.0,Middle,2019.0,Delhi,Delhi,0.0,6.0,0.0,0.0,50.0,5.0,1000.0,1.0,1.0,50.0,15.0,0.0,0.0,333.0,1.0,no,0.0,0.0,0.0,0.0,0.0,0.0,0.0,50.0,15.0,0.0,0.0,0.0,0.0,0.0,0.0,0.0,0.0,0.0,0.0,0.0,0.0,0.0,0.0,0.0,0.0,0.0,0.0,0.0,Not present,Anupam
33,1.0,2021-12-20,2022-02-04,11.0,Investment Paane Ka Sapna,34.0,Farda,Beauty/Fashion,Customised Streetwear,2.0,1.0,1.0,0.0,0.0,Young,2021.0,Nagpur,Maharashtra,0.0,0.32,115.0,0.0,30.0,10.0,300.0,1.0,1.0,30.0,20.0,0.0,0.0,150.0,2.0,no,0.0,0.0,0.0,0.0,15.0,10.0,0.0,0.0,0.0,0.0,0.0,0.0,0.0,15.0,10.0,0.0,0.0,0.0,0.0,0.0,0.0,0.0,0.0,0.0,0.0,0.0,0.0,0.0,Not present,"Namita, Aman"
34,1.0,2021-12-20,2022-02-04,12.0,Ek Idea Aur Uske Do Sides,35.0,Auli,Beauty/Fashion,Ayurvedic Products Skincare Lifestyle,1.0,0.0,1.0,0.0,0.0,Middle,0.0,Kolkata,West Bengal,0.0,16.0,80.0,0.0,75.0,4.0,1875.0,1.0,1.0,75.0,15.0,0.0,0.0,500.0,1.0,no,0.0,0.0,0.0,0.0,75.0,15.0,0.0,0.0,0.0,0.0,0.0,0.0,0.0,0.0,0.0,0.0,0.0,0.0,0.0,0.0,0.0,0.0,0.0,0.0,0.0,0.0,0.0,0.0,Not present,Namita
35,1.0,2021-12-20,2022-02-04,12.0,Ek Idea Aur Uske Do Sides,36.0,SweeDesi,Food,Indian Sweets Online,2.0,1.0,1.0,0.0,1.0,Middle,0.0,Pune,Maharashtra,0.0,0.0,0.0,0.0,40.0,3.0,1333.0,0.0,0.0,0.0,0.0,0.0,0.0,0.0,0.0,no,0.0,0.0,0.0,0.0,0.0,0.0,0.0,0.0,0.0,0.0,0.0,0.0,0.0,0.0,0.0,0.0,0.0,0.0,0.0,0.0,0.0,0.0,0.0,0.0,0.0,0.0,0.0,0.0,Not present,None
36,1.0,2021-12-20,2022-02-04,12.0,Ek Idea Aur Uske Do Sides,37.0,LOKA,Technology/Software,Metaverse App,1.0,1.0,0.0,0.0,0.0,Young,0.0,Delhi,Delhi,0.0,0.0,0.0,0.0,40.0,5.0,800.0,1.0,1.0,40.0,24.0,0.0,0.0,167.0,3.0,no,0.0,0.0,0.0,0.0,0.0,0.0,0.0,13.33,8.0,0.0,0.0,0.0,0.0,13.33,8.0,0.0,13.33,8.0,0.0,0.0,0.0,0.0,0.0,0.0,0.0,0.0,0.0,0.0,Not present,"Anupam, Aman, Peyush"
37,1.0,2021-12-20,2022-02-04,13.0,Ideas By Young Entrepreneurs,38.0,Annie,Education,Thinkerbell labs Braille Literary Device,4.0,3.0,1.0,0.0,1.0,Young,2016.0,Bangalore,Karnataka,0.0,4.0,0.0,0.0,30.0,0.5,6000.0,1.0,1.0,105.0,3.0,0.0,0.0,3500.0,3.0,no,0.0,0.0,0.0,0.0,35.0,1.0,0.0,35.0,1.0,0.0,0.0,0.0,0.0,0.0,0.0,0.0,35.0,1.0,0.0,0.0,0.0,0.0,0.0,0.0,0.0,0.0,0.0,0.0,Not present,"Namita, Anupam, Peyush"
38,1.0,2021-12-20,2022-02-04,13.0,Ideas By Young Entrepreneurs,39.0,Carragreen,Manufacturing,Eco-Friendly boxes,2.0,0.0,2.0,0.0,0.0,Middle,0.0,Indore,Madhya Pradesh,0.0,0.0,0.0,0.0,50.0,10.0,500.0,1.0,1.0,50.0,20.0,0.0,0.0,250.0,2.0,no,0.0,0.0,0.0,0.0,0.0,0.0,0.0,25.0,10.0,0.0,0.0,0.0,0.0,0.0,0.0,0.0,25.0,10.0,0.0,0.0,0.0,0.0,0.0,0.0,0.0,0.0,0.0,0.0,Not present,"Anupam, Peyush"
39,1.0,2021-12-20,2022-02-04,13.0,Ideas By Young Entrepreneurs,40.0,TheYarnBazaar,Manufacturing,Yarn-Trading App Online Marketplace for Yarn,1.0,1.0,0.0,0.0,0.0,Middle,0.0,Mumbai,Maharashtra,180.0,0.0,0.0,0.0,50.0,2.0,2500.0,1.0,1.0,100.0,10.0,0.0,0.0,1000.0,4.0,no,0.0,25.0,2.5,0.0,0.0,0.0,0.0,25.0,2.5,0.0,0.0,0.0,0.0,25.0,2.5,0.0,25.0,2.5,0.0,0.0,0.0,0.0,0.0,0.0,0.0,0.0,0.0,0.0,Not present,"Ashneer, Anupam, Aman, Peyush"
40,1.0,2021-12-20,2022-02-04,14.0,Naye Aur Nayab Pitchers,41.0,TheRenalProject,Medical/Health,Home Dialysis Treatment,1.0,1.0,0.0,0.0,0.0,Middle,2019.0,Mumbai,Maharashtra,90.0,0.0,0.0,0.0,100.0,3.0,3333.0,1.0,1.0,100.0,6.0,0.0,0.0,1667.0,2.0,no,0.0,0.0,0.0,0.0,50.0,3.0,0.0,0.0,0.0,0.0,0.0,0.0,0.0,50.0,3.0,0.0,0.0,0.0,0.0,0.0,0.0,0.0,0.0,0.0,0.0,0.0,0.0,0.0,Not present,"Namita, Aman"
41,1.0,2021-12-20,2022-02-04,14.0,Naye Aur Nayab Pitchers,42.0,MorrikoPureFoods,Food,Healthy Food Snacks Kamdhenu foods,3.0,2.0,1.0,0.0,0.0,Middle,2018.0,Valsad,Gujarat,0.0,16.0,0.0,0.0,100.0,3.0,3333.0,1.0,0.0,0.0,0.0,0.0,0.0,0.0,0.0,no,0.0,0.0,0.0,0.0,0.0,0.0,0.0,0.0,0.0,0.0,0.0,0.0,0.0,0.0,0.0,0.0,0.0,0.0,0.0,0.0,0.0,0.0,0.0,0.0,0.0,0.0,0.0,0.0,Not present,None
42,1.0,2021-12-20,2022-02-04,14.0,Naye Aur Nayab Pitchers,43.0,GoodGoodPiggy,Technology/Software,Digital Piggy Bank,2.0,0.0,2.0,0.0,0.0,Young,0.0,Delhi,Delhi,0.0,0.0,0.0,0.0,45.0,5.0,900.0,0.0,0.0,0.0,0.0,0.0,0.0,0.0,0.0,no,0.0,0.0,0.0,0.0,0.0,0.0,0.0,0.0,0.0,0.0,0.0,0.0,0.0,0.0,0.0,0.0,0.0,0.0,0.0,0.0,0.0,0.0,0.0,0.0,0.0,0.0,0.0,0.0,Not present,None
43,1.0,2021-12-20,2022-02-04,15.0,It's Time To Change,44.0,HammerLifestyle,Electronics,Smart Audio Products,3.0,3.0,0.0,0.0,0.0,Young,0.0,Panipat,Haryana,1000.0,0.0,0.0,0.0,30.0,3.0,1000.0,1.0,1.0,100.0,40.0,0.0,0.0,250.0,1.0,no,0.0,0.0,0.0,0.0,0.0,0.0,0.0,0.0,0.0,0.0,0.0,0.0,0.0,100.0,40.0,0.0,0.0,0.0,0.0,0.0,0.0,0.0,0.0,0.0,0.0,0.0,0.0,0.0,Not present,Aman
44,1.0,2021-12-20,2022-02-04,15.0,It's Time To Change,45.0,PNT,Technology/Software,Robotics and Automation Solutions,2.0,2.0,0.0,0.0,0.0,Young,2021.0,Mumbai,Maharashtra,0.0,0.0,0.0,0.0,50.0,4.0,1250.0,1.0,1.0,25.0,25.0,25.0,0.0,100.0,1.0,no,0.0,0.0,0.0,0.0,0.0,0.0,0.0,0.0,0.0,0.0,0.0,0.0,0.0,0.0,0.0,0.0,25.0,25.0,25.0,0.0,0.0,0.0,0.0,0.0,0.0,0.0,0.0,0.0,Not present,Peyush
45,1.0,2021-12-20,2022-02-04,15.0,It's Time To Change,46.0,Cocofit,Food,Coconut based beverage franchise,3.0,3.0,0.0,0.0,0.0,Middle,2019.0,Hyderabad,Telangana,100.0,0.0,95.0,0.0,5e-05,5.0,0.0,1.0,1.0,5e-05,5.0,0.0,0.0,0.0,3.0,no,0.0,0.0,0.0,0.0,1.6e-05,1.666,0.0,1.6e-05,1.666,0.0,0.0,0.0,0.0,1.6e-05,1.666,0.0,0.0,0.0,0.0,0.0,0.0,0.0,0.0,0.0,0.0,0.0,0.0,0.0,Not present,"Namita, Anupam, Aman"
46,1.0,2021-12-20,2022-02-04,16.0,Winning The Sharks Trust,47.0,BambooIndia,Manufacturing,Bamboo Products,2.0,1.0,1.0,0.0,1.0,Middle,2016.0,Pune,Maharashtra,0.0,20.0,0.0,0.0,80.0,4.0,2000.0,1.0,1.0,50.0,3.5,30.0,0.0,1429.0,2.0,no,0.0,25.0,1.75,15.0,0.0,0.0,0.0,25.0,1.75,15.0,0.0,0.0,0.0,0.0,0.0,0.0,0.0,0.0,0.0,0.0,0.0,0.0,0.0,0.0,0.0,0.0,0.0,0.0,Not present,"Ashneer, Anupam"
47,1.0,2021-12-20,2022-02-04,16.0,Winning The Sharks Trust,48.0,FlyingFur,Animal/Pets,Dog pets Hygiene,3.0,2.0,1.0,0.0,0.0,Middle,0.0,Delhi,Delhi,0.0,0.0,0.0,0.0,75.0,7.0,1071.0,0.0,0.0,0.0,0.0,0.0,0.0,0.0,0.0,no,0.0,0.0,0.0,0.0,0.0,0.0,0.0,0.0,0.0,0.0,0.0,0.0,0.0,0.0,0.0,0.0,0.0,0.0,0.0,0.0,0.0,0.0,0.0,0.0,0.0,0.0,0.0,0.0,Not present,None
48,1.0,2021-12-20,2022-02-04,16.0,Winning The Sharks Trust,49.0,BeyondWater,Food,Liquid Water Enhancer,2.0,1.0,1.0,0.0,0.0,Young,2020.0,Kolkata,West Bengal,0.0,10.0,0.0,0.0,75.0,4.0,1875.0,1.0,1.0,75.0,15.0,0.0,0.0,500.0,2.0,no,0.0,0.0,0.0,0.0,37.5,7.5,0.0,0.0,0.0,0.0,0.0,0.0,0.0,37.5,7.5,0.0,0.0,0.0,0.0,0.0,0.0,0.0,0.0,0.0,0.0,0.0,0.0,0.0,Not present,"Namita, Aman"
49,1.0,2021-12-20,2022-02-04,16.0,Winning The Sharks Trust,50.0,Let'sTry,Food,Healthy Snacks,4.0,1.0,3.0,0.0,1.0,Middle,2017.0,Delhi,Delhi,0.0,3.0,55.0,0.0,45.0,2.0,2250.0,1.0,1.0,45.0,12.0,0.0,0.0,375.0,2.0,no,0.0,0.0,0.0,0.0,0.0,0.0,0.0,22.5,6.0,0.0,0.0,0.0,0.0,22.5,6.0,0.0,0.0,0.0,0.0,0.0,0.0,0.0,0.0,0.0,0.0,0.0,0.0,0.0,Not present,"Anupam, Aman"
50,1.0,2021-12-20,2022-02-04,17.0,A Wave Of Startups,51.0,FindYourKicksIndia,Beauty/Fashion,Sneaker Resale,3.0,3.0,0.0,0.0,0.0,Young,2021.0,Ludhiana,Punjab,0.0,3.5,0.0,0.0,50.0,10.0,500.0,1.0,1.0,50.0,25.0,0.0,0.0,200.0,5.0,no,0.0,10.0,5.0,0.0,10.0,5.0,0.0,10.0,5.0,0.0,0.0,0.0,0.0,10.0,5.0,0.0,10.0,5.0,0.0,0.0,0.0,0.0,0.0,0.0,0.0,0.0,0.0,0.0,Not present,"Ashneer, Namita, Anupam, Aman, Peyush"
51,1.0,2021-12-20,2022-02-04,17.0,A Wave Of Startups,52.0,AasVidyalaya,Education,EdTech App,2.0,1.0,1.0,0.0,1.0,Middle,2019.0,Mumbai,Maharashtra,150.0,0.0,0.0,0.0,150.0,3.0,5000.0,1.0,1.0,150.0,15.0,0.0,0.0,1000.0,3.0,no,0.0,50.0,5.0,0.0,50.0,5.0,0.0,0.0,0.0,0.0,0.0,0.0,0.0,0.0,0.0,0.0,50.0,5.0,0.0,0.0,0.0,0.0,0.0,0.0,0.0,0.0,0.0,0.0,Not present,"Ashneer, Namita, Peyush"
52,1.0,2021-12-20,2022-02-04,17.0,A Wave Of Startups,53.0,Outbox,Services,Premium Surprise-Planning,2.0,1.0,1.0,0.0,1.0,Young,2017.0,Kolkata,West Bengal,110.0,0.0,0.0,0.0,50.0,5.0,1000.0,0.0,0.0,0.0,0.0,0.0,0.0,0.0,0.0,no,0.0,0.0,0.0,0.0,0.0,0.0,0.0,0.0,0.0,0.0,0.0,0.0,0.0,0.0,0.0,0.0,0.0,0.0,0.0,0.0,0.0,0.0,0.0,0.0,0.0,0.0,0.0,0.0,Not present,None
53,1.0,2021-12-20,2022-02-04,17.0,A Wave Of Startups,54.0,RoadBounce,Technology/Software,Pothole Detection Software and Data,1.0,1.0,0.0,0.0,0.0,Middle,2016.0,Pune,Maharashtra,250.0,0.0,0.0,0.0,80.0,10.0,800.0,1.0,1.0,80.0,20.0,0.0,0.0,400.0,1.0,no,0.0,0.0,0.0,0.0,0.0,0.0,0.0,0.0,0.0,0.0,0.0,0.0,0.0,0.0,0.0,0.0,80.0,20.0,0.0,0.0,0.0,0.0,0.0,0.0,0.0,0.0,0.0,0.0,Not present,Peyush
54,1.0,2021-12-20,2022-02-04,18.0,Investing In Profitable Businesses,55.0,Mommy'sKitchen,Food,Thin Crust Pizza,3.0,2.0,1.0,0.0,0.0,Middle,2016.0,Mumbai,Maharashtra,0.0,4.5,0.0,0.0,90.0,3.0,3000.0,0.0,0.0,0.0,0.0,0.0,0.0,0.0,0.0,no,0.0,0.0,0.0,0.0,0.0,0.0,0.0,0.0,0.0,0.0,0.0,0.0,0.0,0.0,0.0,0.0,0.0,0.0,0.0,0.0,0.0,0.0,0.0,0.0,0.0,0.0,0.0,0.0,Not present,None
55,1.0,2021-12-20,2022-02-04,18.0,Investing In Profitable Businesses,56.0,IndiaHempandCo,Food,Hemp Food Products,1.0,0.0,1.0,0.0,0.0,Middle,2019.0,Bangalore,Karnataka,0.0,2.0,0.0,0.0,50.0,4.0,1250.0,1.0,0.0,0.0,0.0,0.0,0.0,0.0,0.0,no,0.0,0.0,0.0,0.0,0.0,0.0,0.0,0.0,0.0,0.0,0.0,0.0,0.0,0.0,0.0,0.0,0.0,0.0,0.0,0.0,0.0,0.0,0.0,0.0,0.0,0.0,0.0,0.0,Not present,None
56,1.0,2021-12-20,2022-02-04,18.0,Investing In Profitable Businesses,57.0,Otua,Vehicles/Electrical Vehicles,Electric Auto Vehicle Dandera,2.0,2.0,0.0,0.0,0.0,Middle,2018.0,Gurgaon,Haryana,0.0,0.0,0.0,0.0,100.0,1.0,10000.0,1.0,1.0,1.0,1.0,99.0,0.0,100.0,1.0,no,0.0,1.0,1.0,99.0,0.0,0.0,0.0,0.0,0.0,0.0,0.0,0.0,0.0,0.0,0.0,0.0,0.0,0.0,0.0,0.0,0.0,0.0,0.0,0.0,0.0,0.0,0.0,0.0,Not present,Ashneer
57,1.0,2021-12-20,2022-02-04,18.0,Investing In Profitable Businesses,58.0,Anthyesti,Services,Funeral Service the last rites,1.0,0.0,1.0,0.0,0.0,Middle,2015.0,Bangalore,Karnataka,116.0,0.0,50.0,0.0,50.0,2.5,2000.0,0.0,0.0,0.0,0.0,0.0,0.0,0.0,0.0,no,0.0,0.0,0.0,0.0,0.0,0.0,0.0,0.0,0.0,0.0,0.0,0.0,0.0,0.0,0.0,0.0,0.0,0.0,0.0,0.0,0.0,0.0,0.0,0.0,0.0,0.0,0.0,0.0,Not present,None
58,1.0,2021-12-20,2022-02-04,19.0,Forming An Idea And Bagging A Deal,59.0,Ethik,Manufacturing,Leather-free Shoes,2.0,2.0,0.0,0.0,0.0,Middle,2012.0,Bangalore,Karnataka,0.0,1.0,0.0,0.0,15.0,5.0,300.0,0.0,0.0,0.0,0.0,0.0,0.0,0.0,0.0,no,0.0,0.0,0.0,0.0,0.0,0.0,0.0,0.0,0.0,0.0,0.0,0.0,0.0,0.0,0.0,0.0,0.0,0.0,0.0,0.0,0.0,0.0,0.0,0.0,0.0,0.0,0.0,0.0,Not present,None
59,1.0,2021-12-20,2022-02-04,19.0,Forming An Idea And Bagging A Deal,60.0,WeSTOCK,Animal/Pets,Brainwired Livestock health monitoring AI pets ear tag,2.0,2.0,0.0,0.0,0.0,Middle,0.0,Ernakulam,Kerala,55.0,0.0,0.0,0.0,50.0,5.0,1000.0,1.0,1.0,60.0,10.0,0.0,0.0,600.0,4.0,no,0.0,15.0,2.5,0.0,15.0,2.5,0.0,0.0,0.0,0.0,0.0,0.0,0.0,15.0,2.5,0.0,15.0,2.5,0.0,0.0,0.0,0.0,0.0,0.0,0.0,0.0,0.0,0.0,Not present,"Ashneer, Namita, Aman, Peyush"
60,1.0,2021-12-20,2022-02-04,19.0,Forming An Idea And Bagging A Deal,61.0,KetoIndia,Food,Customised Keto Diets for various Medical/Health issues,1.0,1.0,0.0,0.0,0.0,Young,0.0,Delhi,Delhi,180.0,0.0,0.0,0.0,150.0,1.25,12000.0,1.0,0.0,0.0,0.0,0.0,0.0,0.0,0.0,no,0.0,0.0,0.0,0.0,0.0,0.0,0.0,0.0,0.0,0.0,0.0,0.0,0.0,0.0,0.0,0.0,0.0,0.0,0.0,0.0,0.0,0.0,0.0,0.0,0.0,0.0,0.0,0.0,Not present,None
61,1.0,2021-12-20,2022-02-04,19.0,Forming An Idea And Bagging A Deal,62.0,Magiclock,Hardware,LPG Cylinder lock,3.0,3.0,0.0,0.0,0.0,Middle,0.0,Mumbai,Maharashtra,0.0,0.04,0.0,0.0,120.0,8.0,1500.0,0.0,0.0,0.0,0.0,0.0,0.0,0.0,0.0,no,0.0,0.0,0.0,0.0,0.0,0.0,0.0,0.0,0.0,0.0,0.0,0.0,0.0,0.0,0.0,0.0,0.0,0.0,0.0,0.0,0.0,0.0,0.0,0.0,0.0,0.0,0.0,0.0,Not present,None
62,1.0,2021-12-20,2022-02-04,20.0,A Variety Of Ideas,63.0,TheStatePlate,Food,Delicacies,2.0,1.0,1.0,0.0,0.0,Young,2020.0,"Bangalore,Kolkata","Karnataka,West Bengal",0.0,40.0,0.0,0.0,65.0,2.0,3250.0,1.0,1.0,40.0,3.0,25.0,0.0,1333.0,1.0,no,0.0,0.0,0.0,0.0,0.0,0.0,0.0,0.0,0.0,0.0,0.0,0.0,0.0,0.0,0.0,0.0,40.0,3.0,25.0,0.0,0.0,0.0,0.0,0.0,0.0,0.0,0.0,0.0,Not present,Peyush
63,1.0,2021-12-20,2022-02-04,20.0,A Variety Of Ideas,64.0,Bakarmax,Technology/Software,Comics & Animation,2.0,2.0,0.0,0.0,0.0,Young,2020.0,Delhi,Delhi,35.0,0.0,0.0,0.0,35.0,5.0,700.0,0.0,0.0,0.0,0.0,0.0,0.0,0.0,0.0,no,0.0,0.0,0.0,0.0,0.0,0.0,0.0,0.0,0.0,0.0,0.0,0.0,0.0,0.0,0.0,0.0,0.0,0.0,0.0,0.0,0.0,0.0,0.0,0.0,0.0,0.0,0.0,0.0,Not present,None
64,1.0,2021-12-20,2022-02-04,20.0,A Variety Of Ideas,65.0,INACAN,Food,Can Cocktails,3.0,3.0,0.0,0.0,0.0,Middle,2020.0,Pune,Maharashtra,0.0,23.0,0.0,0.0,50.0,2.0,2500.0,1.0,1.0,100.0,10.0,0.0,0.0,1000.0,5.0,no,0.0,20.0,2.0,0.0,20.0,2.0,0.0,20.0,2.0,0.0,0.0,0.0,0.0,20.0,2.0,0.0,20.0,2.0,0.0,0.0,0.0,0.0,0.0,0.0,0.0,0.0,0.0,0.0,Not present,"Ashneer, Namita, Anupam, Aman, Peyush"
65,1.0,2021-12-20,2022-02-04,21.0,Game-changing Ideas,66.0,Get-A-Whey,Food,Sugar-Free Icecream,2.0,1.0,1.0,0.0,0.0,Middle,2018.0,Mumbai,Maharashtra,360.0,0.25,69.0,0.0,100.0,8.0,1250.0,1.0,1.0,100.0,15.0,0.0,0.0,667.0,3.0,no,0.0,33.33,5.0,0.0,0.0,0.0,0.0,0.0,0.0,0.0,33.33,5.0,0.0,33.33,5.0,0.0,0.0,0.0,0.0,0.0,0.0,0.0,0.0,0.0,0.0,0.0,0.0,0.0,Not present,"Ashneer, Vineeta, Aman"
66,1.0,2021-12-20,2022-02-04,21.0,Game-changing Ideas,67.0,Sid07Designs,Hardware,Inventions,1.0,1.0,0.0,0.0,0.0,Young,2018.0,Jammu,Jammu & Kashmir,0.0,1.0,0.0,0.0,47.0,10.0,470.0,1.0,1.0,25.0,75.0,22.0,0.0,33.0,1.0,no,0.0,0.0,0.0,0.0,0.0,0.0,0.0,0.0,0.0,0.0,0.0,0.0,0.0,0.0,0.0,0.0,25.0,75.0,22.0,0.0,0.0,0.0,0.0,0.0,0.0,0.0,0.0,0.0,Not present,Peyush
67,1.0,2021-12-20,2022-02-04,21.0,Game-changing Ideas,68.0,TheQuirkyNaari,Beauty/Fashion,Customised Apparels,1.0,0.0,1.0,0.0,0.0,Young,2018.0,Mathura,Uttar Pradesh,0.0,3.0,0.0,0.0,35.0,5.0,700.0,1.0,1.0,35.0,24.0,0.0,0.0,146.0,2.0,no,0.0,0.0,0.0,0.0,0.0,0.0,0.0,17.5,12.0,0.0,17.5,12.0,0.0,0.0,0.0,0.0,0.0,0.0,0.0,0.0,0.0,0.0,0.0,0.0,0.0,0.0,0.0,0.0,Not present,"Anupam, Vineeta"
68,1.0,2021-12-20,2022-02-04,22.0,Turning Ideas Into Businesses,69.0,HairOriginals,Beauty/Fashion,Natural Hair Extensions,3.0,3.0,0.0,0.0,0.0,Middle,2019.0,Gurgaon,Haryana,0.0,50.0,62.0,0.0,60.0,2.0,3000.0,1.0,1.0,60.0,4.0,0.0,0.0,1500.0,3.0,no,0.0,20.0,1.33,0.0,0.0,0.0,0.0,20.0,1.33,0.0,0.0,0.0,0.0,0.0,0.0,0.0,20.0,1.33,0.0,0.0,0.0,0.0,0.0,0.0,0.0,0.0,0.0,0.0,Not present,"Ashneer, Anupam, Peyush"
69,1.0,2021-12-20,2022-02-04,22.0,Turning Ideas Into Businesses,70.0,Poo-de-Cologne,Beauty/Fashion,Toilet Spray with Essential Oils,1.0,0.0,1.0,0.0,0.0,Middle,0.0,Mumbai,Maharashtra,0.0,0.75,150.0,0.0,75.0,5.0,1500.0,0.0,0.0,0.0,0.0,0.0,0.0,0.0,0.0,no,0.0,0.0,0.0,0.0,0.0,0.0,0.0,0.0,0.0,0.0,0.0,0.0,0.0,0.0,0.0,0.0,0.0,0.0,0.0,0.0,0.0,0.0,0.0,0.0,0.0,0.0,0.0,0.0,Not present,None
70,1.0,2021-12-20,2022-02-04,22.0,Turning Ideas Into Businesses,71.0,Moonshine,Food,Meads,2.0,2.0,0.0,0.0,0.0,Middle,2018.0,Mumbai,Maharashtra,372.0,0.0,70.0,0.0,80.0,0.5,16000.0,1.0,0.0,0.0,0.0,0.0,0.0,0.0,0.0,no,0.0,0.0,0.0,0.0,0.0,0.0,0.0,0.0,0.0,0.0,0.0,0.0,0.0,0.0,0.0,0.0,0.0,0.0,0.0,0.0,0.0,0.0,0.0,0.0,0.0,0.0,0.0,0.0,Not present,None
71,1.0,2021-12-20,2022-02-04,22.0,Turning Ideas Into Businesses,72.0,Falhari,Food,Fresh Fruits salads,3.0,3.0,0.0,0.0,0.0,Middle,2015.0,Gurgaon,Haryana,0.0,1.0,25.0,0.0,50.0,2.0,2500.0,1.0,0.0,0.0,0.0,0.0,0.0,0.0,0.0,no,0.0,0.0,0.0,0.0,0.0,0.0,0.0,0.0,0.0,0.0,0.0,0.0,0.0,0.0,0.0,0.0,0.0,0.0,0.0,0.0,0.0,0.0,0.0,0.0,0.0,0.0,0.0,0.0,Not present,None
72,1.0,2021-12-20,2022-02-04,23.0,Investing In Innovation,73.0,NamhyaFoods,Food,Ayurvedic Enriched Food,1.0,0.0,1.0,0.0,0.0,Young,2019.0,Jammu,Jammu & Kashmir,0.0,16.0,34.0,0.0,100.0,5.0,2000.0,1.0,1.0,50.0,10.0,50.0,0.0,500.0,1.0,no,0.0,0.0,0.0,0.0,0.0,0.0,0.0,0.0,0.0,0.0,0.0,0.0,0.0,50.0,10.0,50.0,0.0,0.0,0.0,0.0,0.0,0.0,0.0,0.0,0.0,0.0,0.0,0.0,Not present,Aman
73,1.0,2021-12-20,2022-02-04,23.0,Investing In Innovation,74.0,UrbanMonkey,Beauty/Fashion,Streetwear,1.0,1.0,0.0,0.0,0.0,Young,2014.0,Mumbai,Maharashtra,0.0,200.0,25.0,0.0,100.0,1.0,10000.0,1.0,0.0,0.0,0.0,0.0,0.0,0.0,0.0,no,0.0,0.0,0.0,0.0,0.0,0.0,0.0,0.0,0.0,0.0,0.0,0.0,0.0,0.0,0.0,0.0,0.0,0.0,0.0,0.0,0.0,0.0,0.0,0.0,0.0,0.0,0.0,0.0,Not present,None
74,1.0,2021-12-20,2022-02-04,23.0,Investing In Innovation,75.0,GuardianGears,Manufacturing,Motorcycle Luggage bags,2.0,1.0,1.0,0.0,1.0,Middle,2018.0,Hyderabad,Telangana,2500.0,21.0,50.0,0.0,30.0,5.0,600.0,1.0,0.0,0.0,0.0,0.0,0.0,0.0,0.0,no,0.0,0.0,0.0,0.0,0.0,0.0,0.0,0.0,0.0,0.0,0.0,0.0,0.0,0.0,0.0,0.0,0.0,0.0,0.0,0.0,0.0,0.0,0.0,0.0,0.0,0.0,0.0,0.0,Not present,None
75,1.0,2021-12-20,2022-02-04,23.0,Investing In Innovation,76.0,ModernMyth,Beauty/Fashion,Bags Slings Clutches Handbags Totes Laptop Bags Travel Essentials Pouches Trunks & Gifting,2.0,1.0,1.0,0.0,0.0,Young,2019.0,Delhi,Delhi,0.0,14.0,0.0,0.0,75.0,5.0,1500.0,0.0,0.0,0.0,0.0,0.0,0.0,0.0,0.0,no,0.0,0.0,0.0,0.0,0.0,0.0,0.0,0.0,0.0,0.0,0.0,0.0,0.0,0.0,0.0,0.0,0.0,0.0,0.0,0.0,0.0,0.0,0.0,0.0,0.0,0.0,0.0,0.0,Not present,None
76,1.0,2021-12-20,2022-02-04,24.0,A Decade Of Indian Entrepreneurship,77.0,TheSassBar,Beauty/Fashion,Gifts Soaps,1.0,0.0,1.0,0.0,0.0,Young,2021.0,Mumbai,Maharashtra,0.0,7.0,65.0,0.0,40.0,8.0,500.0,1.0,1.0,50.0,35.0,0.0,0.0,143.0,2.0,no,0.0,0.0,0.0,0.0,0.0,0.0,0.0,25.0,17.5,0.0,0.0,0.0,0.0,0.0,0.0,0.0,0.0,0.0,0.0,25.0,17.5,0.0,0.0,0.0,0.0,0.0,0.0,0.0,Not present,"Anupam, Ghazal"
77,1.0,2021-12-20,2022-02-04,24.0,A Decade Of Indian Entrepreneurship,78.0,KGAgrotech,Agriculture,Agricultural Innovations,2.0,2.0,0.0,0.0,0.0,Young,2014.0,Malegaon,Maharashtra,0.0,0.0,0.0,0.0,30.0,10.0,300.0,1.0,1.0,10.0,40.0,20.0,0.0,25.0,1.0,no,0.0,0.0,0.0,0.0,0.0,0.0,0.0,0.0,0.0,0.0,0.0,0.0,0.0,0.0,0.0,0.0,10.0,40.0,20.0,0.0,0.0,0.0,0.0,0.0,0.0,0.0,0.0,0.0,Not present,Peyush
78,1.0,2021-12-20,2022-02-04,24.0,A Decade Of Indian Entrepreneurship,79.0,NuskhaKitchen,Food,Homemade after delivery Foods,2.0,1.0,1.0,0.0,0.0,Middle,2019.0,Jaipur,Rajasthan,0.0,1.45,0.0,0.0,20.0,10.0,200.0,0.0,0.0,0.0,0.0,0.0,0.0,0.0,0.0,no,0.0,0.0,0.0,0.0,0.0,0.0,0.0,0.0,0.0,0.0,0.0,0.0,0.0,0.0,0.0,0.0,0.0,0.0,0.0,0.0,0.0,0.0,0.0,0.0,0.0,0.0,0.0,0.0,Not present,None
79,1.0,2021-12-20,2022-02-04,25.0,An Ocean Of Opportunities,80.0,PawsIndia,Animal/Pets,Dog Products,1.0,0.0,1.0,0.0,0.0,Young,2016.0,Mumbai,Maharashtra,0.0,20.0,0.0,0.0,50.0,4.0,1250.0,1.0,1.0,50.0,15.0,0.0,0.0,333.0,1.0,no,0.0,0.0,0.0,0.0,0.0,0.0,0.0,50.0,15.0,0.0,0.0,0.0,0.0,0.0,0.0,0.0,0.0,0.0,0.0,0.0,0.0,0.0,0.0,0.0,0.0,0.0,0.0,0.0,Not present,Anupam
80,1.0,2021-12-20,2022-02-04,25.0,An Ocean Of Opportunities,81.0,SunfoxTechnologies,Medical/Health,Portable ECG Device,4.0,4.0,0.0,0.0,0.0,Young,2016.0,Dehradun,Uttarakhand,120.0,5.0,0.0,0.0,100.0,2.0,5000.0,1.0,1.0,100.0,6.0,0.0,0.0,1667.0,5.0,no,0.0,0.0,0.0,0.0,20.0,1.2,0.0,20.0,1.2,0.0,20.0,1.2,0.0,0.0,0.0,0.0,20.0,1.2,0.0,20.0,1.2,0.0,0.0,0.0,0.0,0.0,0.0,0.0,Not present,"Namita, Anupam, Vineeta, Peyush, Ghazal"
81,1.0,2021-12-20,2022-02-04,25.0,An Ocean Of Opportunities,82.0,Alpino,Food,Roasted Peanut butter Products,4.0,4.0,0.0,0.0,0.0,Young,2016.0,Surat,Gujarat,1000.0,0.0,38.0,0.0,150.0,2.0,7500.0,1.0,0.0,0.0,0.0,0.0,0.0,0.0,0.0,no,0.0,0.0,0.0,0.0,0.0,0.0,0.0,0.0,0.0,0.0,0.0,0.0,0.0,0.0,0.0,0.0,0.0,0.0,0.0,0.0,0.0,0.0,0.0,0.0,0.0,0.0,0.0,0.0,Not present,None
82,1.0,2021-12-20,2022-02-04,26.0,Revolutionary Ideas,83.0,IsakFragrances,Beauty/Fashion,Perfumes Fragrances,1.0,0.0,1.0,0.0,0.0,Young,2016.0,Lucknow,Uttar Pradesh,0.0,3.5,0.0,0.0,50.0,8.0,625.0,1.0,1.0,50.0,50.0,0.0,0.0,100.0,1.0,no,0.0,0.0,0.0,0.0,0.0,0.0,0.0,0.0,0.0,0.0,0.0,0.0,0.0,0.0,0.0,0.0,50.0,50.0,0.0,0.0,0.0,0.0,0.0,0.0,0.0,0.0,0.0,0.0,Not present,Peyush
83,1.0,2021-12-20,2022-02-04,26.0,Revolutionary Ideas,84.0,JulaaAutomation,Manufacturing,Automatic Cradle,3.0,3.0,0.0,0.0,0.0,Middle,2022.0,Ahmedabad,Gujarat,0.0,0.0,0.0,0.0,50.0,10.0,500.0,0.0,0.0,0.0,0.0,0.0,0.0,0.0,0.0,no,0.0,0.0,0.0,0.0,0.0,0.0,0.0,0.0,0.0,0.0,0.0,0.0,0.0,0.0,0.0,0.0,0.0,0.0,0.0,0.0,0.0,0.0,0.0,0.0,0.0,0.0,0.0,0.0,Not present,None
84,1.0,2021-12-20,2022-02-04,26.0,Revolutionary Ideas,85.0,RarePlanet,Manufacturing,Handicrafts,2.0,2.0,0.0,0.0,0.0,Middle,2015.0,Kolkata,West Bengal,0.0,12.0,0.0,0.0,65.0,1.0,6500.0,1.0,1.0,65.0,3.0,0.0,0.0,2167.0,1.0,no,0.0,0.0,0.0,0.0,65.0,3.0,0.0,0.0,0.0,0.0,0.0,0.0,0.0,0.0,0.0,0.0,0.0,0.0,0.0,0.0,0.0,0.0,0.0,0.0,0.0,0.0,0.0,0.0,Not present,Namita
85,1.0,2021-12-20,2022-02-04,27.0,Investing In The Future Of India,86.0,ThekaCoffee,Food,Coffee Products,1.0,1.0,0.0,0.0,0.0,Young,2018.0,Gandhinagar,Gujarat,180.0,4.0,0.0,0.0,50.0,10.0,500.0,0.0,0.0,0.0,0.0,0.0,0.0,0.0,0.0,no,0.0,0.0,0.0,0.0,0.0,0.0,0.0,0.0,0.0,0.0,0.0,0.0,0.0,0.0,0.0,0.0,0.0,0.0,0.0,0.0,0.0,0.0,0.0,0.0,0.0,0.0,0.0,0.0,Not present,None
86,1.0,2021-12-20,2022-02-04,27.0,Investing In The Future Of India,87.0,WattTechnovations,Medical/Health,Ventilated PPE Kits,1.0,1.0,0.0,0.0,0.0,Young,2020.0,Pune,Maharashtra,0.0,0.0,0.0,0.0,0.00101,2.0,0.0,1.0,1.0,0.00101,4.0,0.0,0.0,0.0,4.0,no,0.0,0.0,0.0,0.0,0.0002525,1.0,0.0,0.0002525,1.0,0.0,0.0,0.0,0.0,0.0,0.0,0.0,0.0002525,1.0,0.0,0.0002525,1.0,0.0,0.0,0.0,0.0,0.0,0.0,0.0,Not present,"Namita, Anupam, Peyush, Ghazal"
87,1.0,2021-12-20,2022-02-04,27.0,Investing In The Future Of India,88.0,AlisteTechnologies,Technology/Software,Automation Solutions,6.0,6.0,0.0,0.0,0.0,Young,2020.0,Noida,Uttar Pradesh,0.0,7.5,40.0,0.0,60.0,5.0,1200.0,1.0,0.0,0.0,0.0,0.0,0.0,0.0,0.0,no,0.0,0.0,0.0,0.0,0.0,0.0,0.0,0.0,0.0,0.0,0.0,0.0,0.0,0.0,0.0,0.0,0.0,0.0,0.0,0.0,0.0,0.0,0.0,0.0,0.0,0.0,0.0,0.0,Not present,None
88,1.0,2021-12-20,2022-02-04,27.0,Investing In The Future Of India,89.0,InsuranceSamadhan,Services,Insurance Solutions,3.0,2.0,1.0,0.0,0.0,Middle,2016.0,Noida,Uttar Pradesh,0.0,22.0,0.0,0.0,100.0,1.0,10000.0,1.0,1.0,100.0,4.0,0.0,0.0,2500.0,1.0,no,0.0,0.0,0.0,0.0,0.0,0.0,0.0,0.0,0.0,0.0,0.0,0.0,0.0,0.0,0.0,0.0,100.0,4.0,0.0,0.0,0.0,0.0,0.0,0.0,0.0,0.0,0.0,0.0,Not present,Peyush
89,1.0,2021-12-20,2022-02-04,28.0,Meeting The New India Minds,90.0,HumpyA2,Food,Organic Milk A2 Products,3.0,2.0,1.0,0.0,0.0,Middle,2017.0,Pune,Maharashtra,208.0,0.0,44.0,0.0,75.0,4.0,1875.0,1.0,1.0,100.0,15.0,0.0,0.0,667.0,3.0,no,0.0,0.0,0.0,0.0,0.0,0.0,0.0,0.0,0.0,0.0,33.33,5.0,0.0,0.0,0.0,0.0,33.33,5.0,0.0,33.33,5.0,0.0,0.0,0.0,0.0,0.0,0.0,0.0,Not present,"Vineeta, Peyush, Ghazal"
90,1.0,2021-12-20,2022-02-04,28.0,Meeting The New India Minds,91.0,KunafaWorld,Food,Kunafa food products,2.0,1.0,1.0,0.0,1.0,Young,2018.0,Mangalore,Karnataka,200.0,30.0,30.0,0.0,90.0,5.0,1800.0,0.0,0.0,0.0,0.0,0.0,0.0,0.0,0.0,no,0.0,0.0,0.0,0.0,0.0,0.0,0.0,0.0,0.0,0.0,0.0,0.0,0.0,0.0,0.0,0.0,0.0,0.0,0.0,0.0,0.0,0.0,0.0,0.0,0.0,0.0,0.0,0.0,Not present,None
91,1.0,2021-12-20,2022-02-04,28.0,Meeting The New India Minds,92.0,GoldSafeSolutions,Manufacturing,Anti-Suicidal Fan Rod,2.0,2.0,0.0,0.0,0.0,Middle,2017.0,Mumbai,Maharashtra,50.0,0.0,25.0,0.0,50.0,5.0,1000.0,1.0,1.0,50.0,30.0,0.0,0.0,167.0,3.0,no,0.0,0.0,0.0,0.0,0.0,0.0,0.0,0.0,0.0,0.0,16.66,10.0,0.0,0.0,0.0,0.0,16.66,10.0,0.0,16.66,10.0,0.0,0.0,0.0,0.0,0.0,0.0,0.0,Not present,"Vineeta, Peyush, Ghazal"
92,1.0,2021-12-20,2022-02-04,29.0,Businesses Of Tomorrow,93.0,WakaoFoods,Food,Jackfruit Products,1.0,1.0,0.0,0.0,0.0,Middle,2021.0,Goa,Goa,0.0,6.0,0.0,0.0,75.0,5.0,1500.0,1.0,1.0,75.0,21.0,0.0,0.0,357.0,3.0,no,0.0,0.0,0.0,0.0,25.0,7.0,0.0,0.0,0.0,0.0,25.0,7.0,0.0,0.0,0.0,0.0,0.0,0.0,0.0,25.0,7.0,0.0,0.0,0.0,0.0,0.0,0.0,0.0,Not present,"Namita, Vineeta, Ghazal"
93,1.0,2021-12-20,2022-02-04,29.0,Businesses Of Tomorrow,94.0,PDDFalcon,Manufacturing,Stainless Steel Items,2.0,1.0,1.0,0.0,1.0,Young,2018.0,Gandhinagar,Gujarat,272.0,0.0,30.0,0.0,75.0,3.0,2500.0,1.0,0.0,0.0,0.0,0.0,0.0,0.0,0.0,no,0.0,0.0,0.0,0.0,0.0,0.0,0.0,0.0,0.0,0.0,0.0,0.0,0.0,0.0,0.0,0.0,0.0,0.0,0.0,0.0,0.0,0.0,0.0,0.0,0.0,0.0,0.0,0.0,Not present,None
94,1.0,2021-12-20,2022-02-04,29.0,Businesses Of Tomorrow,95.0,PlayBoxTV,Services,Streaming Platform,2.0,2.0,0.0,0.0,0.0,Young,2017.0,Mumbai,Maharashtra,1020.0,0.0,0.0,0.0,100.0,3.5,2857.0,1.0,0.0,0.0,0.0,0.0,0.0,0.0,0.0,no,0.0,0.0,0.0,0.0,0.0,0.0,0.0,0.0,0.0,0.0,0.0,0.0,0.0,0.0,0.0,0.0,0.0,0.0,0.0,0.0,0.0,0.0,0.0,0.0,0.0,0.0,0.0,0.0,Not present,None
95,1.0,2021-12-20,2022-02-04,30.0,Sharks Ki Expertise,96.0,Sippline,Manufacturing,Portable Glass Attachment Drinking Shields,1.0,1.0,0.0,0.0,0.0,Middle,2019.0,Pune,Maharashtra,0.0,0.0,0.0,0.0,75.0,15.0,500.0,0.0,0.0,0.0,0.0,0.0,0.0,0.0,0.0,no,0.0,0.0,0.0,0.0,0.0,0.0,0.0,0.0,0.0,0.0,0.0,0.0,0.0,0.0,0.0,0.0,0.0,0.0,0.0,0.0,0.0,0.0,0.0,0.0,0.0,0.0,0.0,0.0,Not present,None
96,1.0,2021-12-20,2022-02-04,30.0,Sharks Ki Expertise,97.0,KabaddiAdda,Sports,All-Kabaddi App,2.0,2.0,0.0,0.0,0.0,Middle,2019.0,Bangalore,Karnataka,250.0,0.0,0.0,0.0,80.0,1.0,8000.0,1.0,1.0,80.0,6.0,0.0,0.0,1333.0,2.0,no,0.0,0.0,0.0,0.0,40.0,3.0,0.0,0.0,0.0,0.0,40.0,3.0,0.0,0.0,0.0,0.0,0.0,0.0,0.0,0.0,0.0,0.0,0.0,0.0,0.0,0.0,0.0,0.0,Not present,"Namita, Vineeta"
97,1.0,2021-12-20,2022-02-04,30.0,Sharks Ki Expertise,98.0,ShadesofSpring,Services,Flowers,2.0,1.0,1.0,0.0,1.0,Young,2019.0,Bangalore,Karnataka,900.0,0.0,29.0,0.0,300.0,1.0,30000.0,0.0,0.0,0.0,0.0,0.0,0.0,0.0,0.0,no,0.0,0.0,0.0,0.0,0.0,0.0,0.0,0.0,0.0,0.0,0.0,0.0,0.0,0.0,0.0,0.0,0.0,0.0,0.0,0.0,0.0,0.0,0.0,0.0,0.0,0.0,0.0,0.0,Not present,None
98,1.0,2021-12-20,2022-02-04,30.0,Sharks Ki Expertise,99.0,Scholify,Education,Scholarship Platform,1.0,1.0,0.0,0.0,0.0,Middle,0.0,Bangalore,Karnataka,0.0,0.0,0.0,0.0,50.0,7.5,667.0,0.0,0.0,0.0,0.0,0.0,0.0,0.0,0.0,no,0.0,0.0,0.0,0.0,0.0,0.0,0.0,0.0,0.0,0.0,0.0,0.0,0.0,0.0,0.0,0.0,0.0,0.0,0.0,0.0,0.0,0.0,0.0,0.0,0.0,0.0,0.0,0.0,Not present,None
99,1.0,2021-12-20,2022-02-04,31.0,Entrepreneurship Ki Raah,100.0,Scrapshala,Manufacturing,Handmade Reusable Scrap Materials,2.0,0.0,2.0,0.0,0.0,Middle,2016.0,Varanasi,Uttar Pradesh,0.0,2.0,0.0,0.0,50.0,10.0,500.0,0.0,0.0,0.0,0.0,0.0,0.0,0.0,0.0,no,0.0,0.0,0.0,0.0,0.0,0.0,0.0,0.0,0.0,0.0,0.0,0.0,0.0,0.0,0.0,0.0,0.0,0.0,0.0,0.0,0.0,0.0,0.0,0.0,0.0,0.0,0.0,0.0,Not present,None
100,1.0,2021-12-20,2022-02-04,31.0,Entrepreneurship Ki Raah,101.0,Sabjikothi,Manufacturing,Vegetables Storage SaptKrishi,2.0,1.0,1.0,0.0,0.0,Young,0.0,Bhagalpur,Bihar,0.0,0.0,0.0,0.0,60.0,2.5,2400.0,0.0,0.0,0.0,0.0,0.0,0.0,0.0,0.0,no,0.0,0.0,0.0,0.0,0.0,0.0,0.0,0.0,0.0,0.0,0.0,0.0,0.0,0.0,0.0,0.0,0.0,0.0,0.0,0.0,0.0,0.0,0.0,0.0,0.0,0.0,0.0,0.0,Not present,None
101,1.0,2021-12-20,2022-02-04,31.0,Entrepreneurship Ki Raah,102.0,AyuRythm,Medical/Health,Ayurvedic Wellness App,3.0,3.0,0.0,0.0,0.0,Middle,2016.0,Bangalore,Karnataka,0.0,0.0,0.0,0.0,75.0,2.0,3750.0,1.0,1.0,75.0,2.68,0.0,0.0,2799.0,1.0,no,0.0,0.0,0.0,0.0,0.0,0.0,0.0,0.0,0.0,0.0,0.0,0.0,0.0,75.0,2.68,0.0,0.0,0.0,0.0,0.0,0.0,0.0,0.0,0.0,0.0,0.0,0.0,0.0,Not present,Aman
102,1.0,2021-12-20,2022-02-04,31.0,Entrepreneurship Ki Raah,103.0,Astrix,Manufacturing,Smart Locks Qtouch,2.0,1.0,1.0,0.0,1.0,Middle,2021.0,Coimbatore,Tamil Nadu,0.0,18.0,0.0,0.0,75.0,3.0,2500.0,0.0,0.0,0.0,0.0,0.0,0.0,0.0,0.0,no,0.0,0.0,0.0,0.0,0.0,0.0,0.0,0.0,0.0,0.0,0.0,0.0,0.0,0.0,0.0,0.0,0.0,0.0,0.0,0.0,0.0,0.0,0.0,0.0,0.0,0.0,0.0,0.0,Not present,None
103,1.0,2021-12-20,2022-02-04,32.0,The Road To Success,104.0,TheaandSid,Services,Proposal Solutions,2.0,0.0,2.0,0.0,0.0,Middle,2021.0,Mumbai,Maharashtra,16.0,10.0,75.0,0.0,80.0,7.0,1143.0,0.0,0.0,0.0,0.0,0.0,0.0,0.0,0.0,no,0.0,0.0,0.0,0.0,0.0,0.0,0.0,0.0,0.0,0.0,0.0,0.0,0.0,0.0,0.0,0.0,0.0,0.0,0.0,0.0,0.0,0.0,0.0,0.0,0.0,0.0,0.0,0.0,Not present,None
104,1.0,2021-12-20,2022-02-04,32.0,The Road To Success,105.0,ExperentialEtc,Technology/Software,Technology layered advertisement services,2.0,2.0,0.0,0.0,0.0,Middle,2017.0,Mumbai,Maharashtra,100.0,0.0,0.0,0.0,200.0,4.0,5000.0,1.0,0.0,0.0,0.0,0.0,0.0,0.0,0.0,no,0.0,0.0,0.0,0.0,0.0,0.0,0.0,0.0,0.0,0.0,0.0,0.0,0.0,0.0,0.0,0.0,0.0,0.0,0.0,0.0,0.0,0.0,0.0,0.0,0.0,0.0,0.0,0.0,Not present,None
105,1.0,2021-12-20,2022-02-04,32.0,The Road To Success,106.0,GrowFitter,Technology/Software,Rewards App,2.0,2.0,0.0,0.0,0.0,Middle,2016.0,Mumbai,Maharashtra,170.0,0.0,0.0,0.0,50.0,1.0,5000.0,1.0,1.0,50.0,2.0,0.0,0.0,2500.0,1.0,no,0.0,0.0,0.0,0.0,0.0,0.0,0.0,0.0,0.0,0.0,0.0,0.0,0.0,50.0,2.0,0.0,0.0,0.0,0.0,0.0,0.0,0.0,0.0,0.0,0.0,0.0,0.0,0.0,Not present,Aman
106,1.0,2021-12-20,2022-02-04,32.0,The Road To Success,107.0,C3Med-Tech,Medical/Health,Portable ophthalmic vision devices,2.0,1.0,1.0,0.0,1.0,Middle,2019.0,Ahmedabad,Gujarat,0.0,0.0,0.0,0.0,35.0,6.0,583.0,1.0,0.0,0.0,0.0,0.0,0.0,0.0,0.0,no,0.0,0.0,0.0,0.0,0.0,0.0,0.0,0.0,0.0,0.0,0.0,0.0,0.0,0.0,0.0,0.0,0.0,0.0,0.0,0.0,0.0,0.0,0.0,0.0,0.0,0.0,0.0,0.0,Not present,None
107,1.0,2021-12-20,2022-02-04,33.0,Life-Changing Ideas,108.0,ColourMeMad-CMM,Beauty/Fashion,Insoles,2.0,1.0,1.0,0.0,1.0,Middle,2017.0,Mumbai,Maharashtra,0.0,0.66,0.0,0.0,40.0,10.0,400.0,1.0,1.0,40.0,25.0,0.0,0.0,160.0,1.0,no,0.0,0.0,0.0,0.0,40.0,25.0,0.0,0.0,0.0,0.0,0.0,0.0,0.0,0.0,0.0,0.0,0.0,0.0,0.0,0.0,0.0,0.0,0.0,0.0,0.0,0.0,0.0,0.0,Not present,Namita
108,1.0,2021-12-20,2022-02-04,33.0,Life-Changing Ideas,109.0,Mavi's,Food,Vegan Fermented Food,2.0,1.0,1.0,0.0,1.0,Middle,2018.0,Thane,Maharashtra,0.0,2.0,0.0,0.0,40.0,5.0,800.0,0.0,0.0,0.0,0.0,0.0,0.0,0.0,0.0,no,0.0,0.0,0.0,0.0,0.0,0.0,0.0,0.0,0.0,0.0,0.0,0.0,0.0,0.0,0.0,0.0,0.0,0.0,0.0,0.0,0.0,0.0,0.0,0.0,0.0,0.0,0.0,0.0,Not present,None
109,1.0,2021-12-20,2022-02-04,33.0,Life-Changing Ideas,110.0,TweekLabs,Sports,Sportswear,4.0,4.0,0.0,0.0,0.0,Middle,2019.0,Delhi,Delhi,0.0,0.0,0.0,0.0,40.0,2.0,2000.0,1.0,1.0,60.0,10.0,0.0,0.0,600.0,3.0,no,0.0,20.0,3.33,0.0,0.0,0.0,0.0,20.0,3.33,0.0,0.0,0.0,0.0,0.0,0.0,0.0,20.0,3.33,0.0,0.0,0.0,0.0,0.0,0.0,0.0,0.0,0.0,0.0,Not present,"Ashneer, Anupam, Peyush"
110,1.0,2021-12-20,2022-02-04,33.0,Life-Changing Ideas,111.0,Proxgy,Technology/Software,Virtual Reality,2.0,2.0,0.0,0.0,0.0,Middle,2020.0,Delhi,Delhi,0.0,0.0,0.0,0.0,35.0,1.0,3500.0,1.0,1.0,100.0,10.0,0.0,0.0,1000.0,2.0,no,0.0,50.0,5.0,0.0,0.0,0.0,0.0,0.0,0.0,0.0,0.0,0.0,0.0,0.0,0.0,0.0,50.0,5.0,0.0,0.0,0.0,0.0,0.0,0.0,0.0,0.0,0.0,0.0,Not present,"Ashneer, Peyush"
111,1.0,2021-12-20,2022-02-04,34.0,Scaling Ambitions,112.0,NomadFoodProject,Food,Bacon Jams Relishes,2.0,2.0,0.0,0.0,0.0,Young,2019.0,"Delhi,Pune","Delhi,Maharashtra",0.0,3.0,70.0,0.0,40.0,10.0,400.0,1.0,1.0,40.0,20.0,0.0,0.0,200.0,4.0,no,0.0,10.0,5.0,0.0,10.0,5.0,0.0,0.0,0.0,0.0,10.0,5.0,0.0,0.0,0.0,0.0,0.0,0.0,0.0,10.0,5.0,0.0,0.0,0.0,0.0,0.0,0.0,0.0,Not present,"Ashneer, Namita, Vineeta, Ghazal"
112,1.0,2021-12-20,2022-02-04,34.0,Scaling Ambitions,113.0,TweeInOne,Beauty/Fashion,Reversible and convertible clothing,1.0,0.0,1.0,0.0,0.0,Young,2017.0,Mumbai,Maharashtra,0.0,0.0,0.0,0.0,30.0,7.5,400.0,0.0,0.0,0.0,0.0,0.0,0.0,0.0,0.0,no,0.0,0.0,0.0,0.0,0.0,0.0,0.0,0.0,0.0,0.0,0.0,0.0,0.0,0.0,0.0,0.0,0.0,0.0,0.0,0.0,0.0,0.0,0.0,0.0,0.0,0.0,0.0,0.0,Not present,None
113,1.0,2021-12-20,2022-02-04,34.0,Scaling Ambitions,114.0,GreenProtein,Food,Plant-Based Protein,2.0,1.0,1.0,0.0,1.0,Middle,2019.0,Mumbai,Maharashtra,0.0,12.0,40.0,0.0,60.0,2.0,3000.0,1.0,0.0,0.0,0.0,0.0,0.0,0.0,0.0,no,0.0,0.0,0.0,0.0,0.0,0.0,0.0,0.0,0.0,0.0,0.0,0.0,0.0,0.0,0.0,0.0,0.0,0.0,0.0,0.0,0.0,0.0,0.0,0.0,0.0,0.0,0.0,0.0,Not present,None
114,1.0,2021-12-20,2022-02-04,34.0,Scaling Ambitions,115.0,On2Cook,Food,Fastest Cooking Device,1.0,1.0,0.0,0.0,0.0,Middle,0.0,Ahmedabad,Gujarat,0.0,0.0,0.0,0.0,100.0,1.0,10000.0,0.0,0.0,0.0,0.0,0.0,0.0,0.0,0.0,no,0.0,0.0,0.0,0.0,0.0,0.0,0.0,0.0,0.0,0.0,0.0,0.0,0.0,0.0,0.0,0.0,0.0,0.0,0.0,0.0,0.0,0.0,0.0,0.0,0.0,0.0,0.0,0.0,Not present,None
115,1.0,2021-12-20,2022-02-04,35.0,The Final Destination,116.0,JainShikanji,Food,Lemonade,1.0,1.0,0.0,0.0,0.0,Middle,2017.0,Modinagar,Uttar Pradesh,0.0,2.0,0.0,0.0,40.0,8.0,500.0,1.0,1.0,40.0,30.0,0.0,0.0,133.0,4.0,no,0.0,10.0,7.5,0.0,0.0,0.0,0.0,10.0,7.5,0.0,10.0,7.5,0.0,10.0,7.5,0.0,0.0,0.0,0.0,0.0,0.0,0.0,0.0,0.0,0.0,0.0,0.0,0.0,Not present,"Ashneer, Anupam, Vineeta, Aman"
116,1.0,2021-12-20,2022-02-04,35.0,The Final Destination,117.0,Woloo,Technology/Software,Washroom Finder,3.0,1.0,2.0,0.0,0.0,Middle,2020.0,Mumbai,Maharashtra,108.0,0.0,0.0,0.0,50.0,4.0,1250.0,1.0,0.0,0.0,0.0,0.0,0.0,0.0,0.0,no,0.0,0.0,0.0,0.0,0.0,0.0,0.0,0.0,0.0,0.0,0.0,0.0,0.0,0.0,0.0,0.0,0.0,0.0,0.0,0.0,0.0,0.0,0.0,0.0,0.0,0.0,0.0,0.0,Not present,None
117,1.0,2021-12-20,2022-02-04,35.0,The Final Destination,118.0,ElcareIndia,Medical/Health,Carenting for Elders,3.0,2.0,1.0,0.0,0.0,Middle,2021.0,Mumbai,Maharashtra,60.0,0.0,30.0,0.0,100.0,2.5,4000.0,0.0,0.0,0.0,0.0,0.0,0.0,0.0,0.0,no,0.0,0.0,0.0,0.0,0.0,0.0,0.0,0.0,0.0,0.0,0.0,0.0,0.0,0.0,0.0,0.0,0.0,0.0,0.0,0.0,0.0,0.0,0.0,0.0,0.0,0.0,0.0,0.0,Not present,None
118,1.0,2021-12-20,2022-02-04,36.0,Gateway To Shark Tank India,119.0,SneaKare,Beauty/Fashion,Shoe Sneaker kits storage crates,1.0,1.0,0.0,0.0,0.0,Young,2020.0,Delhi,Delhi,0.0,7.0,0.0,0.0,20.0,5.0,400.0,1.0,1.0,21.0,12.0,0.0,0.0,175.0,3.0,no,0.0,0.0,0.0,0.0,7.0,4.0,0.0,0.0,0.0,0.0,7.0,4.0,0.0,7.0,4.0,0.0,0.0,0.0,0.0,0.0,0.0,0.0,0.0,0.0,0.0,0.0,0.0,0.0,Not present,"Namita, Vineeta, Aman"
119,1.0,2021-12-20,2022-02-04,36.0,Gateway To Shark Tank India,120.0,FrenchCrown,Beauty/Fashion,Clothes,2.0,2.0,0.0,0.0,0.0,Middle,2017.0,Surat,Gujarat,7200.0,0.0,70.0,0.0,150.0,0.33,45455.0,1.0,0.0,0.0,0.0,0.0,0.0,0.0,0.0,no,0.0,0.0,0.0,0.0,0.0,0.0,0.0,0.0,0.0,0.0,0.0,0.0,0.0,0.0,0.0,0.0,0.0,0.0,0.0,0.0,0.0,0.0,0.0,0.0,0.0,0.0,0.0,0.0,Not present,None
120,1.0,2021-12-20,2022-02-04,36.0,Gateway To Shark Tank India,121.0,StoreMyGoods,Services,Storage solutions,3.0,2.0,1.0,0.0,1.0,Middle,2020.0,Noida,Uttar Pradesh,100.0,0.0,0.0,0.0,100.0,1.75,5714.0,1.0,1.0,50.0,4.0,50.0,0.0,1250.0,2.0,no,0.0,0.0,0.0,0.0,25.0,2.0,25.0,0.0,0.0,0.0,0.0,0.0,0.0,0.0,0.0,0.0,25.0,2.0,25.0,0.0,0.0,0.0,0.0,0.0,0.0,0.0,0.0,0.0,Not present,"Namita, Peyush"
121,1.0,2021-12-20,2022-02-04,36.0,Gateway To Shark Tank India,122.0,Devnagri,Technology/Software,Translation of language content,2.0,2.0,0.0,0.0,0.0,Middle,2020.0,Delhi,Delhi,500.0,0.0,0.0,0.0,100.0,1.0,10000.0,1.0,0.0,0.0,0.0,0.0,0.0,0.0,0.0,no,0.0,0.0,0.0,0.0,0.0,0.0,0.0,0.0,0.0,0.0,0.0,0.0,0.0,0.0,0.0,0.0,0.0,0.0,0.0,0.0,0.0,0.0,0.0,0.0,0.0,0.0,0.0,0.0,Not present,None
122,2.0,2023-01-02,2023-03-10,1.0,Entrepreneurship Ki Leher Ek Baar Firse,153.0,Hoovu,Services,Fresh Pooja flowers,2.0,0.0,2.0,0.0,0.0,Young,0.0,Bengaluru,Karnataka,0.0,65.0,0.0,0.0,80.0,1.0,8000.0,1.0,1.0,100.0,2.0,0.0,0.0,5000.0,2.0,no,0.0,0.0,0.0,0.0,0.0,0.0,0.0,0.0,0.0,0.0,0.0,0.0,0.0,50.0,1.0,0.0,50.0,1.0,0.0,0.0,0.0,0.0,0.0,0.0,0.0,0.0,0.0,0.0,Not present,"Aman, Peyush"
123,2.0,2023-01-02,2023-03-10,1.0,Entrepreneurship Ki Leher Ek Baar Firse,154.0,Dorji,Food,Flavors of Tea,2.0,2.0,0.0,0.0,0.0,Young,0.0,Darjeeling,West Bengal,0.0,11.0,0.0,0.0,30.0,5.0,600.0,1.0,1.0,30.0,15.0,0.0,0.0,200.0,3.0,no,0.0,0.0,0.0,0.0,0.0,0.0,0.0,10.0,5.0,0.0,10.0,5.0,0.0,0.0,0.0,0.0,10.0,5.0,0.0,0.0,0.0,0.0,0.0,0.0,0.0,0.0,0.0,0.0,Not present,"Anupam, Vineeta, Peyush"
124,2.0,2023-01-02,2023-03-10,1.0,Entrepreneurship Ki Leher Ek Baar Firse,155.0,Recode,Beauty/Fashion,Beauty & cosmetics,2.0,2.0,0.0,0.0,0.0,Middle,0.0,Ludhiana,Punjab,0.0,0.0,0.0,0.0,100.0,1.0,10000.0,0.0,0.0,0.0,0.0,0.0,0.0,0.0,0.0,no,0.0,0.0,0.0,0.0,0.0,0.0,0.0,0.0,0.0,0.0,0.0,0.0,0.0,0.0,0.0,0.0,0.0,0.0,0.0,0.0,0.0,0.0,0.0,0.0,0.0,0.0,0.0,0.0,Not present,None
125,2.0,2023-01-02,2023-03-10,2.0,A Bigger Vision,156.0,VeryMuchIndian,Beauty/Fashion,Paithani Handloom Sarees,2.0,1.0,1.0,0.0,1.0,Middle,2018.0,Pune,Maharashtra,150.0,0.0,35.0,0.0,50.0,3.0,1667.0,1.0,1.0,50.0,10.0,0.0,0.0,500.0,2.0,no,0.0,0.0,0.0,0.0,25.0,5.0,0.0,0.0,0.0,0.0,0.0,0.0,0.0,25.0,5.0,0.0,0.0,0.0,0.0,0.0,0.0,0.0,0.0,0.0,0.0,0.0,0.0,0.0,Not present,"Namita, Aman"
126,2.0,2023-01-02,2023-03-10,2.0,A Bigger Vision,157.0,WatchoutWearables,Electronics,Smart watches,2.0,2.0,0.0,0.0,0.0,Young,2021.0,Thane,Maharashtra,0.0,25.0,0.0,0.0,200.0,5.0,4000.0,1.0,1.0,100.0,10.0,100.0,0.0,1000.0,2.0,no,0.0,0.0,0.0,0.0,0.0,0.0,0.0,50.0,5.0,50.0,50.0,5.0,50.0,0.0,0.0,0.0,0.0,0.0,0.0,0.0,0.0,0.0,0.0,0.0,0.0,0.0,0.0,0.0,Not present,"Anupam, Vineeta"
127,2.0,2023-01-02,2023-03-10,2.0,A Bigger Vision,158.0,SoupX,Food,Soup based meals,2.0,2.0,0.0,0.0,0.0,Young,0.0,Delhi,Delhi,-1.0,0.0,45.0,0.0,75.0,6.0,1250.0,1.0,1.0,50.0,18.0,25.0,0.0,277.7777778,1.0,no,0.0,0.0,0.0,0.0,0.0,0.0,0.0,0.0,0.0,0.0,50.0,18.0,25.0,0.0,0.0,0.0,0.0,0.0,0.0,0.0,0.0,0.0,0.0,0.0,0.0,0.0,0.0,0.0,Not present,Vineeta
128,2.0,2023-01-02,2023-03-10,3.0,Thrilling and Thunderous Pitches,159.0,ATMOSPHERE,Food,Varieties of kombucha,2.0,0.0,2.0,0.0,0.0,Young,0.0,Delhi,Delhi,0.0,0.0,0.0,0.0,75.0,3.0,2500.0,1.0,0.0,0.0,0.0,0.0,0.0,0.0,0.0,no,0.0,0.0,0.0,0.0,0.0,0.0,0.0,0.0,0.0,0.0,0.0,0.0,0.0,0.0,0.0,0.0,0.0,0.0,0.0,0.0,0.0,0.0,0.0,0.0,0.0,0.0,0.0,0.0,Not present,None
129,2.0,2023-01-02,2023-03-10,3.0,Thrilling and Thunderous Pitches,160.0,Stage,Entertainment,Web series and movies in Indian languages,3.0,3.0,0.0,0.0,0.0,Young,0.0,"Bhiwani,Barnagar","Haryana,Madhya Pradesh",0.0,0.0,0.0,0.0,300.0,1.0,30000.0,1.0,1.0,150.0,0.6,150.0,0.0,25000.0,3.0,no,0.0,0.0,0.0,0.0,50.0,0.2,50.0,0.0,0.0,0.0,0.0,0.0,0.0,50.0,0.2,50.0,50.0,0.2,50.0,0.0,0.0,0.0,0.0,0.0,0.0,0.0,0.0,0.0,Not present,"Namita, Aman, Peyush"
130,2.0,2023-01-02,2023-03-10,3.0,Thrilling and Thunderous Pitches,161.0,Girgit,Beauty/Fashion,color-changing clothing products ,2.0,1.0,1.0,0.0,1.0,Young,0.0,Mumbai,Maharashtra,0.0,0.0,0.0,0.0,20.0,10.0,200.0,1.0,1.0,20.0,20.0,0.0,0.0,100.0,1.0,no,0.0,0.0,0.0,0.0,20.0,20.0,0.0,0.0,0.0,0.0,0.0,0.0,0.0,0.0,0.0,0.0,0.0,0.0,0.0,0.0,0.0,0.0,0.0,0.0,0.0,0.0,0.0,0.0,Not present,Namita
131,2.0,2023-01-02,2023-03-10,4.0,Ideas Meets Opportunity,162.0,GearHeadMotors,Vehicles/Electrical Vehicles,Electric vehicles bikes,2.0,2.0,0.0,0.0,0.0,Young,0.0,Hyderabad,Telangana,0.0,0.0,0.0,0.0,75.0,2.0,3750.0,1.0,1.0,100.0,6.67,0.0,0.0,1499.250375,2.0,no,0.0,0.0,0.0,0.0,0.0,0.0,0.0,0.0,0.0,0.0,0.0,0.0,0.0,50.0,3.335,0.0,50.0,3.335,0.0,0.0,0.0,0.0,0.0,0.0,0.0,0.0,0.0,0.0,Not present,"Aman, Peyush"
132,2.0,2023-01-02,2023-03-10,4.0,Ideas Meets Opportunity,163.0,PatilKaki,Food,Homemade snacks,3.0,2.0,1.0,0.0,0.0,Young,2020.0,Mumbai,Maharashtra,0.0,0.0,0.0,0.0,40.0,2.5,1600.0,1.0,1.0,40.0,4.0,0.0,0.0,1000.0,2.0,no,0.0,0.0,0.0,0.0,0.0,0.0,0.0,20.0,2.0,0.0,0.0,0.0,0.0,0.0,0.0,0.0,20.0,2.0,0.0,0.0,0.0,0.0,0.0,0.0,0.0,0.0,0.0,0.0,Not present,"Anupam, Peyush"
133,2.0,2023-01-02,2023-03-10,4.0,Ideas Meets Opportunity,164.0,Brandsdaddy,Manufacturing,Auto Fire Extinguisher,2.0,1.0,1.0,0.0,1.0,Middle,0.0,Mumbai,Maharashtra,0.0,12.0,60.0,0.0,70.0,5.0,1400.0,1.0,1.0,35.0,5.0,35.0,0.0,700.0,1.0,no,0.0,0.0,0.0,0.0,35.0,5.0,35.0,0.0,0.0,0.0,0.0,0.0,0.0,0.0,0.0,0.0,0.0,0.0,0.0,0.0,0.0,0.0,0.0,0.0,0.0,0.0,0.0,0.0,Not present,Namita
134,2.0,2023-01-02,2023-03-10,5.0,Investing in the Future of India,165.0,Winston,Beauty/Fashion,Techno beauty products at home,2.0,1.0,1.0,0.0,1.0,Middle,0.0,Faridabad,Haryana,0.0,46.0,0.0,0.0,100.0,4.0,2500.0,1.0,1.0,100.0,10.0,0.0,0.0,1000.0,2.0,no,0.0,0.0,0.0,0.0,0.0,0.0,0.0,50.0,5.0,0.0,50.0,5.0,0.0,0.0,0.0,0.0,0.0,0.0,0.0,0.0,0.0,0.0,0.0,0.0,0.0,0.0,0.0,0.0,Not present,"Anupam, Vineeta"
135,2.0,2023-01-02,2023-03-10,5.0,Investing in the Future of India,166.0,Flatheads,Beauty/Fashion,Shoes Sneakers Loafers,1.0,1.0,0.0,0.0,0.0,Middle,2019.0,Bangalore,Karnataka,-1.0,0.0,0.0,0.0,75.0,3.0,2500.0,1.0,0.0,0.0,0.0,0.0,0.0,0.0,0.0,no,0.0,0.0,0.0,0.0,0.0,0.0,0.0,0.0,0.0,0.0,0.0,0.0,0.0,0.0,0.0,0.0,0.0,0.0,0.0,0.0,0.0,0.0,0.0,0.0,0.0,0.0,0.0,0.0,Not present,None
136,2.0,2023-01-02,2023-03-10,5.0,Investing in the Future of India,167.0,OrganicSmokes,Beauty/Fashion,Organic Cigarettes Cigarillos Smokes,3.0,3.0,0.0,0.0,0.0,Middle,0.0,Delhi,Delhi,0.0,40.0,0.0,0.0,100.0,1.0,10000.0,0.0,0.0,0.0,0.0,0.0,0.0,0.0,0.0,no,0.0,0.0,0.0,0.0,0.0,0.0,0.0,0.0,0.0,0.0,0.0,0.0,0.0,0.0,0.0,0.0,0.0,0.0,0.0,0.0,0.0,0.0,0.0,0.0,0.0,0.0,0.0,0.0,Not present,None
137,2.0,2023-01-02,2023-03-10,6.0,Determined Entrepreneurs,168.0,TeaFit,Liquor/Beverages,Refreshing beverages ,3.0,2.0,1.0,0.0,0.0,Young,0.0,Mumbai,Maharashtra,0.0,0.0,0.0,0.0,50.0,3.0,1666.666667,1.0,1.0,50.0,8.0,0.0,0.0,625.0,4.0,no,0.0,0.0,0.0,0.0,0.0,0.0,0.0,12.5,2.0,0.0,12.5,2.0,0.0,12.5,2.0,0.0,12.5,2.0,0.0,0.0,0.0,0.0,0.0,0.0,0.0,0.0,0.0,0.0,Not present,"Anupam, Vineeta, Aman, Peyush"
138,2.0,2023-01-02,2023-03-10,6.0,Determined Entrepreneurs,169.0,Haqdarshak,Services,Platform to know about welfare schemes for MSMEs,2.0,1.0,1.0,0.0,0.0,Middle,0.0,Shimla,Himachal Pradesh,0.0,0.0,0.0,0.0,100.0,0.5,20000.0,1.0,1.0,100.0,2.0,0.0,0.0,5000.0,3.0,no,0.0,0.0,0.0,0.0,33.33,0.666,0.0,0.0,0.0,0.0,0.0,0.0,0.0,33.33,0.666,0.0,33.33,0.666,0.0,0.0,0.0,0.0,0.0,0.0,0.0,0.0,0.0,0.0,Not present,"Namita, Aman, Peyush"
139,2.0,2023-01-02,2023-03-10,6.0,Determined Entrepreneurs,170.0,Bhaskar'sPuranpoliGhar,Food,Varieties of Puranpoli snacks,3.0,3.0,0.0,0.0,0.0,Middle,0.0,Thane,Maharashtra,0.0,0.0,0.0,0.0,75.0,1.0,7500.0,0.0,0.0,0.0,0.0,0.0,0.0,0.0,0.0,no,0.0,0.0,0.0,0.0,0.0,0.0,0.0,0.0,0.0,0.0,0.0,0.0,0.0,0.0,0.0,0.0,0.0,0.0,0.0,0.0,0.0,0.0,0.0,0.0,0.0,0.0,0.0,0.0,Not present,None
140,2.0,2023-01-02,2023-03-10,7.0,Shaandar Businesses,171.0,GunjanAppsStudios,Technology/Software,CHILDREN'S PLAYFUL LEARNING PARTNER,2.0,1.0,1.0,0.0,1.0,Middle,0.0,Kolkata,West Bengal,2400.0,0.0,0.0,0.0,250.0,1.0,25000.0,0.0,0.0,0.0,0.0,0.0,0.0,0.0,0.0,no,0.0,0.0,0.0,0.0,0.0,0.0,0.0,0.0,0.0,0.0,0.0,0.0,0.0,0.0,0.0,0.0,0.0,0.0,0.0,0.0,0.0,0.0,0.0,0.0,0.0,0.0,0.0,0.0,Not present,None
141,2.0,2023-01-02,2023-03-10,7.0,Shaandar Businesses,172.0,TheSimplySalad,Food,Freshly chopped salads,2.0,1.0,1.0,0.0,0.0,Young,0.0,Ahmedabad,Gujarat,0.0,0.0,0.0,0.0,30.0,10.0,300.0,1.0,1.0,30.0,10.0,0.0,0.0,300.0,2.0,no,0.0,0.0,0.0,0.0,0.0,0.0,0.0,0.0,0.0,0.0,15.0,5.0,0.0,15.0,5.0,0.0,0.0,0.0,0.0,0.0,0.0,0.0,0.0,0.0,0.0,0.0,0.0,0.0,Not present,"Vineeta, Aman"
142,2.0,2023-01-02,2023-03-10,7.0,Shaandar Businesses,173.0,AyuSynk,Medical/Health,Digital Stethoscopes,3.0,3.0,0.0,0.0,0.0,Middle,0.0,Mumbai,Maharashtra,0.0,0.0,0.0,0.0,100.0,1.5,6666.666667,1.0,1.0,50.0,3.5,50.0,10.0,1428.571429,1.0,no,0.0,0.0,0.0,0.0,50.0,3.5,50.0,0.0,0.0,0.0,0.0,0.0,0.0,0.0,0.0,0.0,0.0,0.0,0.0,0.0,0.0,0.0,0.0,0.0,0.0,0.0,0.0,0.0,Not present,Namita
143,2.0,2023-01-02,2023-03-10,8.0,Investment with Intent,174.0,AtypicalAdvantage,Technology/Software,Platform for persons with disabilities,1.0,1.0,0.0,0.0,0.0,Middle,0.0,Jamshedpur,Jharkhand,0.0,0.0,0.0,0.0,30.0,1.0,3000.0,1.0,1.0,30.0,3.0,0.0,0.0,1000.0,2.0,no,0.0,0.0,0.0,0.0,15.0,1.5,0.0,0.0,0.0,0.0,0.0,0.0,0.0,15.0,1.5,0.0,0.0,0.0,0.0,0.0,0.0,0.0,0.0,0.0,0.0,0.0,0.0,0.0,Not present,"Namita, Aman"
144,2.0,2023-01-02,2023-03-10,8.0,Investment with Intent,175.0,HouseOfChikankari,Beauty/Fashion,HANDMADE BY ARTISANS OF LUCKNOW,2.0,0.0,2.0,0.0,0.0,Middle,2020.0,Delhi,Delhi,0.0,0.0,0.0,0.0,75.0,1.0,7500.0,1.0,1.0,75.0,3.75,0.0,0.0,2000.0,2.0,no,0.0,0.0,0.0,0.0,0.0,0.0,0.0,0.0,0.0,0.0,0.0,0.0,0.0,37.5,1.875,0.0,37.5,1.875,0.0,0.0,0.0,0.0,0.0,0.0,0.0,0.0,0.0,0.0,Not present,"Aman, Peyush"
145,2.0,2023-01-02,2023-03-10,8.0,Investment with Intent,176.0,MagicOfMemories,Beauty/Fashion,DNA Jewllery,1.0,0.0,1.0,0.0,0.0,Middle,0.0,Delhi,Delhi,0.0,0.0,0.0,0.0,25.0,5.0,500.0,0.0,0.0,0.0,0.0,0.0,0.0,0.0,0.0,no,0.0,0.0,0.0,0.0,0.0,0.0,0.0,0.0,0.0,0.0,0.0,0.0,0.0,0.0,0.0,0.0,0.0,0.0,0.0,0.0,0.0,0.0,0.0,0.0,0.0,0.0,0.0,0.0,Not present,None
146,2.0,2023-01-02,2023-03-10,9.0,Invest In Lifestyle,177.0,Paradyes,Beauty/Fashion,Semi Permanent Hair Color,2.0,1.0,1.0,0.0,1.0,Young,2020.0,Ahmedabad,Gujarat,350.0,0.0,0.0,0.0,65.0,1.0,6500.0,1.0,1.0,65.0,2.0,0.0,0.0,3250.0,2.0,no,0.0,0.0,0.0,0.0,0.0,0.0,0.0,0.0,0.0,0.0,32.5,1.0,0.0,32.5,1.0,0.0,0.0,0.0,0.0,0.0,0.0,0.0,0.0,0.0,0.0,0.0,0.0,0.0,Not present,"Vineeta, Aman"
147,2.0,2023-01-02,2023-03-10,9.0,Invest In Lifestyle,178.0,Nestroots,Furnishing/Household,"House of design, aesthetics and elegance",1.0,0.0,1.0,0.0,0.0,Middle,0.0,Delhi,Delhi,0.0,0.0,0.0,0.0,50.0,1.0,5000.0,1.0,1.0,50.0,2.0,0.0,0.0,2500.0,1.0,no,0.0,0.0,0.0,0.0,50.0,2.0,0.0,0.0,0.0,0.0,0.0,0.0,0.0,0.0,0.0,0.0,0.0,0.0,0.0,0.0,0.0,0.0,0.0,0.0,0.0,0.0,0.0,0.0,Not present,Namita
148,2.0,2023-01-02,2023-03-10,10.0,Zillionaire Banne Ki Chah,179.0,Zillionaire,Beauty/Fashion,Unique styles of stones and jewels,2.0,2.0,0.0,0.0,0.0,Young,0.0,Jaipur,Rajasthan,100.0,0.0,0.0,0.0,50.0,3.3,1515.151515,1.0,1.0,100.0,10.0,0.0,0.0,1000.0,1.0,no,0.0,0.0,0.0,0.0,0.0,0.0,0.0,100.0,10.0,0.0,0.0,0.0,0.0,0.0,0.0,0.0,0.0,0.0,0.0,0.0,0.0,0.0,0.0,0.0,0.0,0.0,0.0,0.0,Not present,Anupam
149,2.0,2023-01-02,2023-03-10,10.0,Zillionaire Banne Ki Chah,180.0,Credmate,Technology/Software,Platform for credit score,2.0,2.0,0.0,0.0,0.0,Middle,0.0,Ludhiana,Punjab,0.0,130.0,0.0,0.0,50.0,5.0,1000.0,0.0,0.0,0.0,0.0,0.0,0.0,0.0,0.0,no,0.0,0.0,0.0,0.0,0.0,0.0,0.0,0.0,0.0,0.0,0.0,0.0,0.0,0.0,0.0,0.0,0.0,0.0,0.0,0.0,0.0,0.0,0.0,0.0,0.0,0.0,0.0,0.0,Not present,None
150,2.0,2023-01-02,2023-03-10,10.0,Zillionaire Banne Ki Chah,181.0,Freebowler,Sports,Non-Electric & Portable Bowling Machines,2.0,2.0,0.0,0.0,0.0,Middle,0.0,Bangalore,Karnataka,0.0,0.0,0.0,0.0,75.0,7.5,1000.0,1.0,1.0,25.0,7.5,50.0,10.0,333.3333333,1.0,no,0.0,0.0,0.0,0.0,25.0,7.5,50.0,0.0,0.0,0.0,0.0,0.0,0.0,0.0,0.0,0.0,0.0,0.0,0.0,0.0,0.0,0.0,0.0,0.0,0.0,0.0,0.0,0.0,Not present,Namita
151,2.0,2023-01-02,2023-03-10,11.0,Investing The Right Way,182.0,ABCSports&Fitness,Sports,Sports training institute,2.0,2.0,0.0,0.0,0.0,Middle,0.0,Pune,Maharashtra,0.0,0.0,0.0,0.0,40.0,2.0,2000.0,1.0,1.0,40.0,10.0,0.0,0.0,400.0,1.0,no,0.0,0.0,0.0,0.0,0.0,0.0,0.0,0.0,0.0,0.0,0.0,0.0,0.0,0.0,0.0,0.0,40.0,10.0,0.0,0.0,0.0,0.0,0.0,0.0,0.0,0.0,0.0,0.0,Not present,Peyush
152,2.0,2023-01-02,2023-03-10,11.0,Investing The Right Way,183.0,Primebook,Technology/Software,Android Apps on Windows laptops,4.0,4.0,0.0,0.0,0.0,Middle,0.0,Delhi,Delhi,0.0,0.0,0.0,0.0,75.0,1.5,5000.0,1.0,1.0,75.0,3.0,0.0,0.0,2500.0,2.0,no,0.0,0.0,0.0,0.0,0.0,0.0,0.0,0.0,0.0,0.0,0.0,0.0,0.0,37.5,1.5,0.0,37.5,1.5,0.0,0.0,0.0,0.0,0.0,0.0,0.0,0.0,0.0,0.0,Not present,"Aman, Peyush"
153,2.0,2023-01-02,2023-03-10,11.0,Investing The Right Way,184.0,DailyDump,Manufacturing,Compost Bins,2.0,1.0,1.0,0.0,0.0,Middle,2006.0,Bangalore,Karnataka,0.0,0.0,0.0,0.0,80.0,4.0,2000.0,1.0,1.0,30.0,4.0,50.0,10.0,750.0,1.0,no,0.0,0.0,0.0,0.0,30.0,4.0,50.0,0.0,0.0,0.0,0.0,0.0,0.0,0.0,0.0,0.0,0.0,0.0,0.0,0.0,0.0,0.0,0.0,0.0,0.0,0.0,0.0,0.0,Not present,Namita
154,2.0,2023-01-02,2023-03-10,12.0,Pitchers Ki Undying Spirit,185.0,GharSoaps,Beauty/Fashion,Pure Organic Soaps,2.0,2.0,0.0,0.0,0.0,Middle,0.0,Pune,Maharashtra,0.0,0.0,0.0,0.0,60.0,2.0,3000.0,1.0,1.0,60.0,4.0,0.0,0.0,1500.0,1.0,no,0.0,0.0,0.0,0.0,0.0,0.0,0.0,0.0,0.0,0.0,0.0,0.0,0.0,60.0,4.0,0.0,0.0,0.0,0.0,0.0,0.0,0.0,0.0,0.0,0.0,0.0,0.0,0.0,Not present,Aman
155,2.0,2023-01-02,2023-03-10,12.0,Pitchers Ki Undying Spirit,186.0,Janitri,Medical/Health,Pregnancy Monitoring systems,1.0,1.0,0.0,0.0,0.0,Middle,2021.0,Alwar,Rajasthan,0.0,0.0,0.0,0.0,100.0,2.5,4000.0,1.0,1.0,100.0,2.5,0.0,0.0,4000.0,1.0,no,0.0,0.0,0.0,0.0,100.0,2.5,0.0,0.0,0.0,0.0,0.0,0.0,0.0,0.0,0.0,0.0,0.0,0.0,0.0,0.0,0.0,0.0,0.0,0.0,0.0,0.0,0.0,0.0,Not present,Namita
156,2.0,2023-01-02,2023-03-10,12.0,Pitchers Ki Undying Spirit,187.0,JaipurWatchCompany,Manufacturing,Made in India Imperial Automatic Watches,1.0,1.0,0.0,0.0,0.0,Middle,0.0,Jaipur,Rajasthan,0.0,0.0,75.0,0.0,50.0,2.0,2500.0,0.0,0.0,0.0,0.0,0.0,0.0,0.0,0.0,no,0.0,0.0,0.0,0.0,0.0,0.0,0.0,0.0,0.0,0.0,0.0,0.0,0.0,0.0,0.0,0.0,0.0,0.0,0.0,0.0,0.0,0.0,0.0,0.0,0.0,0.0,0.0,0.0,Not present,None
157,2.0,2023-01-02,2023-03-10,13.0,Up And Coming Business Ideas,188.0,InsideFPV,Manufacturing,Plug and Fly Drones,3.0,2.0,1.0,0.0,0.0,Young,0.0,Surat,Gujarat,0.0,0.0,0.0,0.0,75.0,4.0,1875.0,1.0,1.0,75.0,15.0,0.0,0.0,500.0,4.0,no,0.0,0.0,0.0,0.0,18.75,3.75,0.0,0.0,0.0,0.0,0.0,0.0,0.0,18.75,3.75,0.0,18.75,3.75,0.0,0.0,0.0,0.0,18.75,3.75,0.0,0.0,0.0,0.0,Not present,"Namita, Aman, Peyush, Amit"
158,2.0,2023-01-02,2023-03-10,13.0,Up And Coming Business Ideas,189.0,Angrakhaa,Beauty/Fashion,Contemporary Indian clothing,2.0,0.0,2.0,0.0,0.0,Young,0.0,Delhi,Delhi,0.0,0.0,0.0,0.0,40.0,5.0,800.0,1.0,1.0,40.0,20.0,0.0,0.0,200.0,1.0,no,0.0,0.0,0.0,0.0,0.0,0.0,0.0,0.0,0.0,0.0,0.0,0.0,0.0,0.0,0.0,0.0,0.0,0.0,0.0,0.0,0.0,0.0,40.0,20.0,0.0,0.0,0.0,0.0,Not present,Amit
159,2.0,2023-01-02,2023-03-10,13.0,Up And Coming Business Ideas,190.0,Diabexy,Food,Diabetes Friendly Food Products,2.0,1.0,1.0,0.0,1.0,Middle,2016.0,Gurgaon,Haryana,0.0,100.0,0.0,0.0,150.0,1.0,15000.0,1.0,0.0,0.0,0.0,0.0,0.0,0.0,0.0,no,0.0,0.0,0.0,0.0,0.0,0.0,0.0,0.0,0.0,0.0,0.0,0.0,0.0,0.0,0.0,0.0,0.0,0.0,0.0,0.0,0.0,0.0,0.0,0.0,0.0,0.0,0.0,0.0,Not present,None
160,2.0,2023-01-02,2023-03-10,14.0,Investment Worthy Ideas,191.0,Kyari,Manufacturing,Smart stick Guardian,2.0,1.0,1.0,0.0,0.0,Young,2018.0,Ghaziabad,Uttar Pradesh,0.0,10.0,0.0,0.0,51.0,1.0,5100.0,1.0,1.0,51.0,6.0,0.0,0.0,850.0,2.0,no,0.0,0.0,0.0,0.0,0.0,0.0,0.0,25.5,3.0,0.0,0.0,0.0,0.0,0.0,0.0,0.0,25.5,3.0,0.0,0.0,0.0,0.0,0.0,0.0,0.0,0.0,0.0,0.0,Not present,"Anupam, Peyush"
161,2.0,2023-01-02,2023-03-10,14.0,Investment Worthy Ideas,192.0,MoppFoods,Food,Mad over Parathas Pakodas,2.0,1.0,1.0,0.0,1.0,Middle,0.0,Delhi,Delhi,0.0,0.0,0.0,0.0,75.0,2.25,3333.333333,1.0,1.0,75.0,5.0,0.0,0.0,1500.0,1.0,no,0.0,0.0,0.0,0.0,0.0,0.0,0.0,0.0,0.0,0.0,0.0,0.0,0.0,0.0,0.0,0.0,0.0,0.0,0.0,0.0,0.0,0.0,75.0,5.0,0.0,0.0,0.0,0.0,Not present,Amit
162,2.0,2023-01-02,2023-03-10,14.0,Investment Worthy Ideas,193.0,Econiture,Furnishing/Household,Furniture from plastic waste,4.0,4.0,0.0,0.0,0.0,Middle,0.0,Amaravati,Maharashtra,0.0,0.0,0.0,0.0,50.0,8.0,625.0,0.0,0.0,0.0,0.0,0.0,0.0,0.0,0.0,no,0.0,0.0,0.0,0.0,0.0,0.0,0.0,0.0,0.0,0.0,0.0,0.0,0.0,0.0,0.0,0.0,0.0,0.0,0.0,0.0,0.0,0.0,0.0,0.0,0.0,0.0,0.0,0.0,Not present,None
163,2.0,2023-01-02,2023-03-10,15.0,Changing The Face Of Indian Entrepreneurship,194.0,Dobiee,Food,CANDIES MUSKIEE TOYS,2.0,2.0,0.0,0.0,0.0,Middle,2021.0,Shinde,Maharashtra,0.0,32.0,23.0,0.0,72.0,2.0,3600.0,1.0,1.0,72.0,6.5,0.0,0.0,1107.692308,1.0,no,0.0,0.0,0.0,0.0,0.0,0.0,0.0,0.0,0.0,0.0,0.0,0.0,0.0,0.0,0.0,0.0,0.0,0.0,0.0,0.0,0.0,0.0,72.0,6.5,0.0,0.0,0.0,0.0,Not present,Amit
164,2.0,2023-01-02,2023-03-10,15.0,Changing The Face Of Indian Entrepreneurship,195.0,FastBeetle,Services,Local courier and parcel service,2.0,2.0,0.0,0.0,0.0,Young,2019.0,Srinagar,Jammu & Kashmir,-1.0,25.0,54.0,0.0,90.0,3.0,3000.0,1.0,1.0,90.0,7.5,0.0,0.0,1200.0,2.0,no,0.0,0.0,0.0,0.0,0.0,0.0,0.0,0.0,0.0,0.0,0.0,0.0,0.0,45.0,3.75,0.0,45.0,3.75,0.0,0.0,0.0,0.0,0.0,0.0,0.0,0.0,0.0,0.0,Not present,"Aman, Peyush"
165,2.0,2023-01-02,2023-03-10,15.0,Changing The Face Of Indian Entrepreneurship,196.0,Pflow,Medical/Health,Disposable uroflowmetry system,2.0,1.0,1.0,0.0,1.0,Middle,2021.0,Dhule,Maharashtra,0.0,0.0,80.0,0.0,60.0,1.0,6000.0,1.0,1.0,60.0,6.0,0.0,0.0,1000.0,2.0,no,0.0,0.0,0.0,0.0,30.0,3.0,0.0,0.0,0.0,0.0,0.0,0.0,0.0,0.0,0.0,0.0,0.0,0.0,0.0,0.0,0.0,0.0,30.0,3.0,0.0,0.0,0.0,0.0,Not present,"Namita, Amit"
166,2.0,2023-01-02,2023-03-10,16.0,Pitchers Ki Taiyyari,197.0,VSMani,Food,Coffee and snacks,3.0,3.0,0.0,0.0,0.0,Middle,2020.0,Bangalore,Karnataka,-1.0,63.0,0.0,0.0,60.0,1.5,4000.0,1.0,1.0,19.0,1.0,41.0,10.0,1900.0,1.0,no,0.0,0.0,0.0,0.0,19.0,1.0,41.0,0.0,0.0,0.0,0.0,0.0,0.0,0.0,0.0,0.0,0.0,0.0,0.0,0.0,0.0,0.0,0.0,0.0,0.0,0.0,0.0,0.0,Not present,Namita
167,2.0,2023-01-02,2023-03-10,16.0,Pitchers Ki Taiyyari,198.0,Sepal,Manufacturing,Bike Accessories,2.0,2.0,0.0,0.0,0.0,Middle,0.0,Hyderabad,Telangana,0.0,0.0,37.0,0.0,50.0,1.0,5000.0,1.0,1.0,50.0,2.0,0.0,0.0,2500.0,1.0,no,0.0,0.0,0.0,0.0,0.0,0.0,0.0,0.0,0.0,0.0,0.0,0.0,0.0,0.0,0.0,0.0,50.0,2.0,0.0,0.0,0.0,0.0,0.0,0.0,0.0,0.0,0.0,0.0,Not present,Peyush
168,2.0,2023-01-02,2023-03-10,16.0,Pitchers Ki Taiyyari,199.0,Solinas,Services,"Products organise the management of pipelines,manholes and septic tanks",4.0,3.0,1.0,0.0,0.0,Middle,2020.0,Chennai,Tamil Nadu,120.0,0.0,0.0,0.0,90.0,2.0,4500.0,1.0,1.0,90.0,3.0,0.0,0.0,3000.0,2.0,no,0.0,0.0,0.0,0.0,0.0,0.0,0.0,45.0,1.5,0.0,0.0,0.0,0.0,0.0,0.0,0.0,45.0,1.5,0.0,0.0,0.0,0.0,0.0,0.0,0.0,0.0,0.0,0.0,Not present,"Anupam, Peyush"
169,2.0,2023-01-02,2023-03-10,17.0,Innovation Hardwork And Diligence,200.0,AvimeeHerbal,Beauty/Fashion,Ayurveda hair skin products,5.0,3.0,2.0,0.0,1.0,Middle,2021.0,Surat,Gujarat,0.0,165.0,69.0,0.0,280.0,0.5,56000.0,1.0,0.0,0.0,0.0,0.0,0.0,0.0,0.0,no,0.0,0.0,0.0,0.0,0.0,0.0,0.0,0.0,0.0,0.0,0.0,0.0,0.0,0.0,0.0,0.0,0.0,0.0,0.0,0.0,0.0,0.0,0.0,0.0,0.0,0.0,0.0,0.0,Not present,None
170,2.0,2023-01-02,2023-03-10,17.0,Innovation Hardwork And Diligence,201.0,eyenic,Beauty/Fashion,Eyewear,2.0,2.0,0.0,0.0,0.0,Middle,2017.0,Delhi,Delhi,0.0,15.0,45.0,21.0,75.0,6.0,1250.0,0.0,0.0,0.0,0.0,0.0,0.0,0.0,0.0,no,0.0,0.0,0.0,0.0,0.0,0.0,0.0,0.0,0.0,0.0,0.0,0.0,0.0,0.0,0.0,0.0,0.0,0.0,0.0,0.0,0.0,0.0,0.0,0.0,0.0,0.0,0.0,0.0,Not present,None
171,2.0,2023-01-02,2023-03-10,17.0,Innovation Hardwork And Diligence,202.0,ekatra,Furnishing/Household,Handmade paper goods,2.0,0.0,2.0,0.0,0.0,Middle,2019.0,Kota,Rajasthan,0.0,5.0,80.0,28.0,40.0,10.0,400.0,1.0,1.0,20.0,20.0,20.0,0.0,100.0,2.0,no,0.0,0.0,0.0,0.0,0.0,0.0,0.0,0.0,0.0,0.0,0.0,0.0,0.0,0.0,0.0,0.0,10.0,10.0,10.0,0.0,0.0,0.0,10.0,10.0,10.0,0.0,0.0,0.0,Not present,"Peyush, Amit"
172,2.0,2023-01-02,2023-03-10,18.0,Business Ideas With Potential,203.0,Raasa,Food,Food karts,1.0,1.0,0.0,0.0,0.0,Middle,2022.0,Delhi,Delhi,0.0,0.0,0.0,0.0,50.0,5.0,1000.0,1.0,1.0,50.0,25.0,0.0,0.0,200.0,1.0,no,0.0,0.0,0.0,0.0,0.0,0.0,0.0,50.0,25.0,0.0,0.0,0.0,0.0,0.0,0.0,0.0,0.0,0.0,0.0,0.0,0.0,0.0,0.0,0.0,0.0,0.0,0.0,0.0,Not present,Anupam
173,2.0,2023-01-02,2023-03-10,18.0,Business Ideas With Potential,204.0,NeoMotion,Manufacturing,Wheelchairs,3.0,3.0,0.0,0.0,0.0,Middle,2020.0,Chennai,Tamil Nadu,470.0,0.0,0.0,0.0,100.0,1.0,10000.0,1.0,1.0,100.0,1.0,0.0,0.0,10000.0,1.0,no,0.0,0.0,0.0,0.0,0.0,0.0,0.0,0.0,0.0,0.0,0.0,0.0,0.0,0.0,0.0,0.0,100.0,1.0,0.0,0.0,0.0,0.0,0.0,0.0,0.0,0.0,0.0,0.0,Not present,Peyush
174,2.0,2023-01-02,2023-03-10,18.0,Business Ideas With Potential,205.0,licksters,Food,Icecreams ice-pops,2.0,1.0,1.0,0.0,1.0,Middle,0.0,Nagpur,Maharashtra,86.0,14.0,0.0,0.0,50.0,5.0,1000.0,1.0,1.0,25.0,5.0,25.0,0.0,500.0,1.0,no,0.0,0.0,0.0,0.0,0.0,0.0,0.0,0.0,0.0,0.0,0.0,0.0,0.0,0.0,0.0,0.0,0.0,0.0,0.0,0.0,0.0,0.0,25.0,5.0,25.0,0.0,0.0,0.0,Not present,Amit
175,2.0,2023-01-02,2023-03-10,18.0,Business Ideas With Potential,206.0,Sayonara,Beauty/Fashion,Petticoat,1.0,1.0,0.0,0.0,0.0,Middle,0.0,Kolkata,West Bengal,0.0,0.0,0.0,0.0,100.0,1.0,10000.0,0.0,0.0,0.0,0.0,0.0,0.0,0.0,0.0,no,1.0,0.0,0.0,0.0,0.0,0.0,0.0,0.0,0.0,0.0,0.0,0.0,0.0,0.0,0.0,0.0,0.0,0.0,0.0,0.0,0.0,0.0,0.0,0.0,0.0,0.0,0.0,0.0,Not present,None
176,2.0,2023-01-02,2023-03-10,19.0,Building Brands For India,207.0,PMV,Vehicles/Electrical Vehicles,Personal Mobility Vehicle,1.0,1.0,0.0,0.0,0.0,Middle,2018.0,Mumbai,Maharashtra,0.0,0.0,0.0,0.0,100.0,1.0,10000.0,1.0,0.0,0.0,0.0,0.0,0.0,0.0,0.0,no,0.0,0.0,0.0,0.0,0.0,0.0,0.0,0.0,0.0,0.0,0.0,0.0,0.0,0.0,0.0,0.0,0.0,0.0,0.0,0.0,0.0,0.0,0.0,0.0,0.0,0.0,0.0,0.0,Not present,None
177,2.0,2023-01-02,2023-03-10,19.0,Building Brands For India,208.0,SpiceStory,Food,Indian Sauces Chutneys,3.0,2.0,1.0,0.0,0.0,Middle,2019.0,Mumbai,Maharashtra,410.0,57.0,0.0,0.0,70.0,2.0,3500.0,1.0,1.0,70.0,5.0,0.0,0.0,1400.0,1.0,no,0.0,0.0,0.0,0.0,70.0,5.0,0.0,0.0,0.0,0.0,0.0,0.0,0.0,0.0,0.0,0.0,0.0,0.0,0.0,0.0,0.0,0.0,0.0,0.0,0.0,0.0,0.0,0.0,Not present,Namita
178,2.0,2023-01-02,2023-03-10,19.0,Building Brands For India,209.0,Bullspree,Technology/Software,App to learn stock market basics,3.0,3.0,0.0,0.0,0.0,Middle,0.0,Ahmedabad,Gujarat,-1.0,0.0,0.0,0.0,75.0,1.5,5000.0,1.0,1.0,75.0,2.86,0.0,0.0,2622.377622,2.0,no,0.0,0.0,0.0,0.0,0.0,0.0,0.0,0.0,0.0,0.0,0.0,0.0,0.0,37.5,1.43,0.0,37.5,1.43,0.0,0.0,0.0,0.0,0.0,0.0,0.0,0.0,0.0,0.0,Not present,"Aman, Peyush"
179,2.0,2023-01-02,2023-03-10,20.0,Nurturing Indian Entrepreneurs,210.0,Snitch,Beauty/Fashion,Menswear,1.0,1.0,0.0,0.0,0.0,Middle,2020.0,Bangalore,Karnataka,0.0,0.0,0.0,0.0,150.0,0.5,30000.0,1.0,1.0,150.0,1.5,0.0,0.0,10000.0,5.0,no,0.0,0.0,0.0,0.0,30.0,0.3,0.0,30.0,0.3,0.0,30.0,0.3,0.0,30.0,0.3,0.0,30.0,0.3,0.0,0.0,0.0,0.0,0.0,0.0,0.0,0.0,0.0,0.0,Not present,"Namita, Anupam, Vineeta, Aman, Peyush"
180,2.0,2023-01-02,2023-03-10,20.0,Nurturing Indian Entrepreneurs,211.0,Portl,Services,Portl studio gym,3.0,3.0,0.0,0.0,0.0,Middle,0.0,Hyderabad,Telangana,0.0,0.0,45.0,0.0,150.0,1.0,15000.0,1.0,1.0,150.0,2.5,0.0,0.0,6000.0,3.0,no,0.0,0.0,0.0,0.0,50.0,0.833,0.0,0.0,0.0,0.0,0.0,0.0,0.0,50.0,0.833,0.0,50.0,0.833,0.0,0.0,0.0,0.0,0.0,0.0,0.0,0.0,0.0,0.0,Not present,"Namita, Aman, Peyush"
181,2.0,2023-01-02,2023-03-10,20.0,Nurturing Indian Entrepreneurs,212.0,FatToSlim,Beauty/Fashion,Diet Plan Weight Loss,1.0,0.0,1.0,0.0,0.0,Middle,0.0,Bangalore,Karnataka,0.0,14.0,0.0,0.0,20.0,1.0,2000.0,0.0,0.0,0.0,0.0,0.0,0.0,0.0,0.0,no,0.0,0.0,0.0,0.0,0.0,0.0,0.0,0.0,0.0,0.0,0.0,0.0,0.0,0.0,0.0,0.0,0.0,0.0,0.0,0.0,0.0,0.0,0.0,0.0,0.0,0.0,0.0,0.0,Not present,None
182,2.0,2023-01-02,2023-03-10,21.0,Adhbhut Aur Anokhe Entrepreneurs,213.0,CheeseCake&Co.,Food,Cakes Slices,2.0,1.0,1.0,0.0,1.0,Middle,2018.0,Delhi,Delhi,0.0,194.0,0.0,0.0,100.0,2.0,5000.0,1.0,0.0,0.0,0.0,0.0,0.0,0.0,0.0,no,0.0,0.0,0.0,0.0,0.0,0.0,0.0,0.0,0.0,0.0,0.0,0.0,0.0,0.0,0.0,0.0,0.0,0.0,0.0,0.0,0.0,0.0,0.0,0.0,0.0,0.0,0.0,0.0,Not present,None
183,2.0,2023-01-02,2023-03-10,21.0,Adhbhut Aur Anokhe Entrepreneurs,214.0,Dabble,Manufacturing,Paints Crayons Brushes,2.0,0.0,2.0,0.0,0.0,Middle,0.0,Bangalore,Karnataka,33.0,8.7,75.0,0.0,50.0,10.0,500.0,1.0,1.0,15.0,10.0,35.0,0.0,150.0,1.0,no,0.0,0.0,0.0,0.0,0.0,0.0,0.0,0.0,0.0,0.0,0.0,0.0,0.0,15.0,10.0,35.0,0.0,0.0,0.0,0.0,0.0,0.0,0.0,0.0,0.0,0.0,0.0,0.0,Not present,Aman
184,2.0,2023-01-02,2023-03-10,21.0,Adhbhut Aur Anokhe Entrepreneurs,215.0,CloudTailor,Services,Custom tailor online,3.0,2.0,1.0,0.0,1.0,Middle,0.0,"Bangalore,Hyderabad","Karnataka,Telangana",-1.0,34.0,0.0,0.0,100.0,1.4,7142.857143,0.0,0.0,0.0,0.0,0.0,0.0,0.0,0.0,no,0.0,0.0,0.0,0.0,0.0,0.0,0.0,0.0,0.0,0.0,0.0,0.0,0.0,0.0,0.0,0.0,0.0,0.0,0.0,0.0,0.0,0.0,0.0,0.0,0.0,0.0,0.0,0.0,Not present,None
185,2.0,2023-01-02,2023-03-10,21.0,Adhbhut Aur Anokhe Entrepreneurs,216.0,BeUnic,Services,Platform for LGBTQ+ creators and entrepreneurs,3.0,1.0,1.0,1.0,0.0,Middle,0.0,Noida,Uttar Pradesh,50.0,6.0,0.0,0.0,100.0,10.0,1000.0,1.0,0.0,0.0,0.0,0.0,0.0,0.0,0.0,no,0.0,0.0,0.0,0.0,0.0,0.0,0.0,0.0,0.0,0.0,0.0,0.0,0.0,0.0,0.0,0.0,0.0,0.0,0.0,0.0,0.0,0.0,0.0,0.0,0.0,0.0,0.0,0.0,Not present,None
186,2.0,2023-01-02,2023-03-10,22.0,Making Big Businesses,217.0,Broomees,Services,Helpers homemakers for your home,3.0,2.0,1.0,0.0,0.0,Middle,0.0,Delhi,Delhi,0.0,0.0,0.0,0.0,80.0,2.0,4000.0,1.0,1.0,100.0,3.0,0.0,0.0,3333.333333,3.0,no,0.0,0.0,0.0,0.0,33.33,1.0,0.0,0.0,0.0,0.0,0.0,0.0,0.0,33.33,1.0,0.0,33.33,1.0,0.0,0.0,0.0,0.0,0.0,0.0,0.0,0.0,0.0,0.0,Not present,"Namita, Aman, Peyush"
187,2.0,2023-01-02,2023-03-10,22.0,Making Big Businesses,218.0,Ravel,Beauty/Fashion,Custom Hair Products,1.0,1.0,0.0,0.0,0.0,Middle,2021.0,Amaravati,Maharashtra,0.0,40.0,0.0,0.0,75.0,2.5,3000.0,1.0,1.0,75.0,10.0,0.0,0.0,750.0,1.0,no,0.0,0.0,0.0,0.0,0.0,0.0,0.0,75.0,10.0,0.0,0.0,0.0,0.0,0.0,0.0,0.0,0.0,0.0,0.0,0.0,0.0,0.0,0.0,0.0,0.0,0.0,0.0,0.0,Not present,Anupam
188,2.0,2023-01-02,2023-03-10,22.0,Making Big Businesses,219.0,HoneyVeda,Food,Honey in natural nutritious form,2.0,2.0,0.0,0.0,0.0,Middle,0.0,Ahmedabad,Gujarat,53.0,0.0,20.0,0.0,75.0,7.5,1000.0,1.0,1.0,50.0,20.0,25.0,12.0,250.0,2.0,no,0.0,0.0,0.0,0.0,0.0,0.0,0.0,25.0,10.0,12.5,25.0,10.0,12.5,0.0,0.0,0.0,0.0,0.0,0.0,0.0,0.0,0.0,0.0,0.0,0.0,0.0,0.0,0.0,Not present,"Anupam, Vineeta"
189,2.0,2023-01-02,2023-03-10,23.0,Changing The World,220.0,PadCare,Manufacturing,Menstrual hygiene disposal solution,1.0,1.0,0.0,0.0,0.0,Young,0.0,Pune,Maharashtra,-1.0,14.0,0.0,0.0,50.0,2.0,2500.0,1.0,1.0,100.0,4.0,0.0,0.0,2500.0,4.0,no,0.0,0.0,0.0,0.0,25.0,1.0,0.0,25.0,1.0,0.0,25.0,1.0,0.0,0.0,0.0,0.0,25.0,1.0,0.0,0.0,0.0,0.0,0.0,0.0,0.0,0.0,0.0,0.0,Not present,"Namita, Anupam, Vineeta, Peyush"
190,2.0,2023-01-02,2023-03-10,23.0,Changing The World,221.0,SwadeshiBlessings,Furnishing/Household,Clay utensils and cookwares,3.0,1.0,2.0,0.0,0.0,Middle,2020.0,Udaipur,Rajasthan,120.0,28.0,60.0,0.0,50.0,5.0,1000.0,1.0,1.0,25.0,5.0,25.0,12.0,500.0,2.0,no,0.0,0.0,0.0,0.0,12.5,2.5,12.5,0.0,0.0,0.0,12.5,2.5,12.5,0.0,0.0,0.0,0.0,0.0,0.0,0.0,0.0,0.0,0.0,0.0,0.0,0.0,0.0,0.0,Not present,"Namita, Vineeta"
191,2.0,2023-01-02,2023-03-10,23.0,Changing The World,222.0,OLL,Technology/Software,Online Live Learning Skill development classes,1.0,1.0,0.0,0.0,0.0,Young,0.0,Mumbai,Maharashtra,0.0,0.0,0.0,0.0,30.0,2.0,1500.0,1.0,1.0,30.0,5.0,0.0,0.0,600.0,2.0,no,0.0,0.0,0.0,0.0,0.0,0.0,0.0,0.0,0.0,0.0,15.0,2.5,0.0,0.0,0.0,0.0,15.0,2.5,0.0,0.0,0.0,0.0,0.0,0.0,0.0,0.0,0.0,0.0,Not present,"Vineeta, Peyush"
192,2.0,2023-01-02,2023-03-10,23.0,Changing The World,223.0,Febris,Medical/Health,"Scrubs, Lab Coats & Medical Apparel",2.0,2.0,0.0,0.0,0.0,Middle,0.0,Ferozepur,Punjab,110.0,12.0,0.0,20.0,100.0,2.5,4000.0,0.0,0.0,0.0,0.0,0.0,0.0,0.0,0.0,no,0.0,0.0,0.0,0.0,0.0,0.0,0.0,0.0,0.0,0.0,0.0,0.0,0.0,0.0,0.0,0.0,0.0,0.0,0.0,0.0,0.0,0.0,0.0,0.0,0.0,0.0,0.0,0.0,Not present,None
193,2.0,2023-01-02,2023-03-10,24.0,India Ke Incredible Entrepreneurs,224.0,Geeani,Vehicles/Electrical Vehicles,Smallest EV tractor,3.0,2.0,1.0,0.0,0.0,Middle,0.0,Ahmedabad,Gujarat,0.0,0.0,0.0,0.0,75.0,7.5,1000.0,1.0,1.0,100.0,10.0,0.0,0.0,1000.0,3.0,no,0.0,0.0,0.0,0.0,0.0,0.0,0.0,33.33,3.33,0.0,33.33,3.33,0.0,33.33,3.33,0.0,0.0,0.0,0.0,0.0,0.0,0.0,0.0,0.0,0.0,0.0,0.0,0.0,Not present,"Anupam, Vineeta, Aman"
194,2.0,2023-01-02,2023-03-10,24.0,India Ke Incredible Entrepreneurs,225.0,Amore,Food,Gelato Ice Cream Online,2.0,2.0,0.0,0.0,0.0,Middle,0.0,"Hyderabad,Mumbai","Telangana,Maharashtra",0.0,0.0,0.0,0.0,75.0,4.0,1875.0,1.0,1.0,75.0,7.5,0.0,0.0,1000.0,1.0,yes,0.0,0.0,0.0,0.0,0.0,0.0,0.0,75.0,7.5,0.0,0.0,0.0,0.0,0.0,0.0,0.0,0.0,0.0,0.0,0.0,0.0,0.0,0.0,0.0,0.0,0.0,0.0,0.0,Not present,Anupam
195,2.0,2023-01-02,2023-03-10,24.0,India Ke Incredible Entrepreneurs,226.0,LeafyAffair,Beauty/Fashion,Botanical Jewellery,1.0,1.0,0.0,0.0,0.0,Middle,0.0,Bangalore,Karnataka,110.0,21.0,80.0,0.0,50.0,2.5,2000.0,0.0,0.0,0.0,0.0,0.0,0.0,0.0,0.0,no,0.0,0.0,0.0,0.0,0.0,0.0,0.0,0.0,0.0,0.0,0.0,0.0,0.0,0.0,0.0,0.0,0.0,0.0,0.0,0.0,0.0,0.0,0.0,0.0,0.0,0.0,0.0,0.0,Not present,None
196,2.0,2023-01-02,2023-03-10,25.0,Badhta India,227.0,ScrapUncle,Services,Sell scrap recyclables online,1.0,1.0,0.0,0.0,0.0,Young,2020.0,Delhi,Delhi,600.0,0.0,25.0,0.0,60.0,3.0,2000.0,1.0,1.0,60.0,5.0,0.0,0.0,1200.0,1.0,no,0.0,0.0,0.0,0.0,0.0,0.0,0.0,0.0,0.0,0.0,0.0,0.0,0.0,0.0,0.0,0.0,0.0,0.0,0.0,0.0,0.0,0.0,60.0,5.0,0.0,0.0,0.0,0.0,Not present,Amit
197,2.0,2023-01-02,2023-03-10,25.0,Badhta India,228.0,SharmaJiKiAata,Food,Freshly milled atta,2.0,1.0,1.0,0.0,0.0,Middle,2019.0,Pune,Maharashtra,0.0,0.0,63.0,38.0,40.0,10.0,400.0,1.0,1.0,40.0,20.0,0.0,0.0,200.0,1.0,no,0.0,0.0,0.0,0.0,0.0,0.0,0.0,40.0,20.0,0.0,0.0,0.0,0.0,0.0,0.0,0.0,0.0,0.0,0.0,0.0,0.0,0.0,0.0,0.0,0.0,0.0,0.0,0.0,Not present,Anupam
198,2.0,2023-01-02,2023-03-10,25.0,Badhta India,229.0,Manetain,Beauty/Fashion,Curly Hair Care Products,2.0,0.0,2.0,0.0,0.0,Young,0.0,"Cochin,Mumbai","Kerala,Maharashtra",100.0,12.0,60.0,0.0,75.0,2.5,3000.0,1.0,1.0,75.0,10.0,0.0,0.0,750.0,1.0,no,0.0,0.0,0.0,0.0,0.0,0.0,0.0,0.0,0.0,0.0,0.0,0.0,0.0,75.0,10.0,0.0,0.0,0.0,0.0,0.0,0.0,0.0,0.0,0.0,0.0,0.0,0.0,0.0,Not present,Aman
199,2.0,2023-01-02,2023-03-10,26.0,Bharat Badal Raha Hai,230.0,GavinParis,Beauty/Fashion,Gender-Neutral Fashion,2.0,2.0,0.0,0.0,0.0,Young,2022.0,Kolkata,West Bengal,114.0,0.0,60.0,0.0,50.0,5.0,1000.0,1.0,0.0,0.0,0.0,0.0,0.0,0.0,0.0,no,0.0,0.0,0.0,0.0,0.0,0.0,0.0,0.0,0.0,0.0,0.0,0.0,0.0,0.0,0.0,0.0,0.0,0.0,0.0,0.0,0.0,0.0,0.0,0.0,0.0,0.0,0.0,0.0,Not present,None
200,2.0,2023-01-02,2023-03-10,26.0,Bharat Badal Raha Hai,231.0,UnStop,Technology/Software,Connecting talent colleges recruiters,1.0,1.0,0.0,0.0,0.0,Middle,2022.0,Delhi,Delhi,1600.0,0.0,90.0,0.0,100.0,1.0,10000.0,1.0,1.0,200.0,4.0,0.0,0.0,5000.0,4.0,no,0.0,0.0,0.0,0.0,50.0,1.0,0.0,50.0,1.0,0.0,0.0,0.0,0.0,50.0,1.0,0.0,0.0,0.0,0.0,0.0,0.0,0.0,50.0,1.0,0.0,0.0,0.0,0.0,Not present,"Namita, Anupam, Aman, Amit"
201,2.0,2023-01-02,2023-03-10,26.0,Bharat Badal Raha Hai,232.0,BlueTea,Food,Ayurvedic Herbal Tea,2.0,2.0,0.0,0.0,0.0,Middle,2018.0,"Faridabad,Kolkata","Haryana,West Bengal",1000.0,0.0,0.0,19.0,75.0,1.0,7500.0,1.0,1.0,50.0,3.0,25.0,12.0,1666.666667,1.0,no,0.0,0.0,0.0,0.0,0.0,0.0,0.0,0.0,0.0,0.0,0.0,0.0,0.0,50.0,3.0,25.0,0.0,0.0,0.0,0.0,0.0,0.0,0.0,0.0,0.0,0.0,0.0,0.0,Not present,Aman
202,2.0,2023-01-02,2023-03-10,27.0,Nayi Soch Naye Vichaar,233.0,TheGreenSnack,Food,Healthy Snacks Online,2.0,1.0,1.0,0.0,1.0,Middle,2017.0,Mumbai,Maharashtra,-1.0,25.0,0.0,0.0,100.0,2.0,5000.0,1.0,1.0,100.0,8.0,0.0,0.0,1250.0,1.0,no,0.0,0.0,0.0,0.0,0.0,0.0,0.0,0.0,0.0,0.0,100.0,8.0,0.0,0.0,0.0,0.0,0.0,0.0,0.0,0.0,0.0,0.0,0.0,0.0,0.0,0.0,0.0,0.0,Not present,Vineeta
203,2.0,2023-01-02,2023-03-10,27.0,Nayi Soch Naye Vichaar,234.0,HobbyIndia,Furnishing/Household,Online Art & Craft Store,3.0,1.0,2.0,0.0,1.0,Young,0.0,Surat,Gujarat,117.0,0.0,0.0,0.0,50.0,3.0,1666.666667,1.0,0.0,0.0,0.0,0.0,0.0,0.0,0.0,no,0.0,0.0,0.0,0.0,0.0,0.0,0.0,0.0,0.0,0.0,0.0,0.0,0.0,0.0,0.0,0.0,0.0,0.0,0.0,0.0,0.0,0.0,0.0,0.0,0.0,0.0,0.0,0.0,Not present,None
204,2.0,2023-01-02,2023-03-10,27.0,Nayi Soch Naye Vichaar,235.0,Flhexible,Furnishing/Household,Composite paper honeycomb panels,2.0,1.0,1.0,0.0,1.0,Middle,2019.0,Jaipur,Rajasthan,16.0,3.5,40.0,25.0,50.0,7.5,666.6666667,0.0,0.0,0.0,0.0,0.0,0.0,0.0,0.0,no,0.0,0.0,0.0,0.0,0.0,0.0,0.0,0.0,0.0,0.0,0.0,0.0,0.0,0.0,0.0,0.0,0.0,0.0,0.0,0.0,0.0,0.0,0.0,0.0,0.0,0.0,0.0,0.0,Not present,None
205,2.0,2023-01-02,2023-03-10,27.0,Nayi Soch Naye Vichaar,236.0,UpThrust,Sports,ESPORTS AND GAMING ORGANISATION,2.0,2.0,0.0,0.0,0.0,Young,0.0,Mumbai,Maharashtra,300.0,33.0,0.0,30.0,75.0,3.0,2500.0,0.0,0.0,0.0,0.0,0.0,0.0,0.0,0.0,no,0.0,0.0,0.0,0.0,0.0,0.0,0.0,0.0,0.0,0.0,0.0,0.0,0.0,0.0,0.0,0.0,0.0,0.0,0.0,0.0,0.0,0.0,0.0,0.0,0.0,0.0,0.0,0.0,Not present,None
206,2.0,2023-01-02,2023-03-10,28.0,Game Changers,237.0,Zoff,Food,Cool Grind Technology Indian Spices,2.0,2.0,0.0,0.0,0.0,Middle,2018.0,Raipur,Chhattisgarh,0.0,700.0,0.0,0.0,100.0,0.5,20000.0,1.0,1.0,100.0,1.25,0.0,0.0,8000.0,1.0,no,0.0,0.0,0.0,0.0,0.0,0.0,0.0,0.0,0.0,0.0,0.0,0.0,0.0,100.0,1.25,0.0,0.0,0.0,0.0,0.0,0.0,0.0,0.0,0.0,0.0,0.0,0.0,0.0,Not present,Aman
207,2.0,2023-01-02,2023-03-10,28.0,Game Changers,238.0,DesiToys,Manufacturing,Indian Traditional Toys and Indoor Games,1.0,0.0,1.0,0.0,0.0,Middle,2017.0,Mumbai,Maharashtra,115.0,20.0,50.0,18.0,50.0,3.0,1666.666667,1.0,0.0,0.0,0.0,0.0,0.0,0.0,0.0,no,0.0,0.0,0.0,0.0,0.0,0.0,0.0,0.0,0.0,0.0,0.0,0.0,0.0,0.0,0.0,0.0,0.0,0.0,0.0,0.0,0.0,0.0,0.0,0.0,0.0,0.0,0.0,0.0,Not present,None
208,2.0,2023-01-02,2023-03-10,28.0,Game Changers,239.0,CloudWorx,Technology/Software,NoCode Enterprise Metaverse App Builder,1.0,1.0,0.0,0.0,0.0,Middle,0.0,Bangalore,Karnataka,0.0,14.0,0.0,0.0,40.0,2.0,2000.0,1.0,1.0,40.0,3.2,0.0,0.0,1250.0,2.0,yes,0.0,0.0,0.0,0.0,20.0,1.6,0.0,20.0,1.6,0.0,0.0,0.0,0.0,0.0,0.0,0.0,0.0,0.0,0.0,0.0,0.0,0.0,0.0,0.0,0.0,0.0,0.0,0.0,Not present,"Namita, Anupam"
209,2.0,2023-01-02,2023-03-10,29.0,Pulse Of The Country,240.0,Mahantam,Manufacturing,Tea Glass Washing Machine,2.0,2.0,0.0,0.0,0.0,Young,0.0,Banaskantha,Gujarat,0.0,0.0,0.0,0.0,30.0,10.0,300.0,1.0,1.0,30.0,20.0,0.0,0.0,150.0,5.0,no,0.0,0.0,0.0,0.0,6.0,4.0,0.0,6.0,4.0,0.0,6.0,4.0,0.0,6.0,4.0,0.0,6.0,4.0,0.0,0.0,0.0,0.0,0.0,0.0,0.0,0.0,0.0,0.0,Not present,"Namita, Anupam, Vineeta, Aman, Peyush"
210,2.0,2023-01-02,2023-03-10,29.0,Pulse Of The Country,241.0,MindPeers,Medical/Health,For Mental Strength,2.0,1.0,1.0,0.0,0.0,Middle,0.0,Delhi,Delhi,0.0,0.0,0.0,0.0,53.0,1.0,5300.0,1.0,1.0,106.0,2.0,0.0,0.0,5300.0,4.0,no,0.0,0.0,0.0,0.0,17.66,0.33,0.0,0.0,0.0,0.0,17.66,0.33,0.0,17.66,0.33,0.0,53.0,1.0,0.0,0.0,0.0,0.0,0.0,0.0,0.0,0.0,0.0,0.0,Not present,"Namita, Vineeta, Aman, Peyush"
211,2.0,2023-01-02,2023-03-10,29.0,Pulse Of The Country,242.0,Barosi,Food,Fresh & pure milk products,1.0,1.0,0.0,0.0,0.0,Middle,2016.0,Pataudi,Haryana,-1.0,42.0,40.0,0.0,50.0,2.0,2500.0,0.0,0.0,0.0,0.0,0.0,0.0,0.0,0.0,no,0.0,0.0,0.0,0.0,0.0,0.0,0.0,0.0,0.0,0.0,0.0,0.0,0.0,0.0,0.0,0.0,0.0,0.0,0.0,0.0,0.0,0.0,0.0,0.0,0.0,0.0,0.0,0.0,Not present,None
212,2.0,2023-01-02,2023-03-10,30.0,Changing India,243.0,Daryaganj,Food,North Indian Cuisine restaurant,3.0,3.0,0.0,0.0,0.0,Middle,0.0,Delhi,Delhi,0.0,300.0,0.0,0.0,90.0,0.5,18000.0,1.0,1.0,90.0,1.0,0.0,0.0,9000.0,1.0,yes,0.0,0.0,0.0,0.0,0.0,0.0,0.0,0.0,0.0,0.0,0.0,0.0,0.0,90.0,1.0,0.0,0.0,0.0,0.0,0.0,0.0,0.0,0.0,0.0,0.0,0.0,0.0,0.0,Not present,Aman
213,2.0,2023-01-02,2023-03-10,30.0,Changing India,244.0,DhruvVidyut,Vehicles/Electrical Vehicles,Invention converts cycle into an electric cycle,1.0,1.0,0.0,0.0,0.0,Middle,0.0,Delhi,Delhi,0.0,0.0,0.0,0.0,0.0,0.5,0.0,1.0,1.0,0.0,0.5,0.0,0.0,0.0,3.0,yes,0.0,0.0,0.0,0.0,0.0,0.0,0.0,0.0,0.166,0.0,0.0,0.0,0.0,0.0,0.166,0.0,0.0,0.166,0.0,0.0,0.0,0.0,0.0,0.0,0.0,0.0,0.0,0.0,Not present,None
214,2.0,2023-01-02,2023-03-10,30.0,Changing India,245.0,CELLBELL,Furnishing/Household,Gaming Office Chairs,3.0,3.0,0.0,0.0,0.0,Middle,2019.0,Ulhasnagar,Maharashtra,0.0,400.0,52.0,0.0,90.0,1.5,6000.0,0.0,0.0,0.0,0.0,0.0,0.0,0.0,0.0,no,0.0,0.0,0.0,0.0,0.0,0.0,0.0,0.0,0.0,0.0,0.0,0.0,0.0,0.0,0.0,0.0,0.0,0.0,0.0,0.0,0.0,0.0,0.0,0.0,0.0,0.0,0.0,0.0,Not present,None
215,2.0,2023-01-02,2023-03-10,31.0,Innovations And Investments,246.0,Tipayi,Manufacturing,Balance Bike for Kids,1.0,1.0,0.0,0.0,0.0,Young,2019.0,Pune,Maharashtra,21.0,0.5,35.0,26.0,50.0,10.0,500.0,1.0,0.0,0.0,0.0,0.0,0.0,0.0,0.0,no,1.0,0.0,0.0,0.0,0.0,0.0,0.0,0.0,0.0,0.0,0.0,0.0,0.0,0.0,0.0,0.0,0.0,0.0,0.0,0.0,0.0,0.0,0.0,0.0,0.0,0.0,0.0,0.0,Not present,None
216,2.0,2023-01-02,2023-03-10,31.0,Innovations And Investments,247.0,DigiQure,Medical/Health,Book Doctors Appointments Video Consultation,2.0,2.0,0.0,0.0,0.0,Middle,0.0,Bhopal,Madhya Pradesh,0.0,0.0,0.0,0.0,40.0,4.0,1000.0,1.0,1.0,40.0,10.0,0.0,0.0,400.0,1.0,no,0.0,0.0,0.0,0.0,40.0,10.0,0.0,0.0,0.0,0.0,0.0,0.0,0.0,0.0,0.0,0.0,0.0,0.0,0.0,0.0,0.0,0.0,0.0,0.0,0.0,0.0,0.0,0.0,Not present,Namita
217,2.0,2023-01-02,2023-03-10,31.0,Innovations And Investments,248.0,Nirmalaya,Manufacturing,Incense products made from temple flowers,3.0,2.0,1.0,0.0,1.0,Middle,0.0,Delhi,Delhi,-1.0,80.0,0.0,0.0,60.0,1.5,4000.0,0.0,0.0,0.0,0.0,0.0,0.0,0.0,0.0,no,0.0,0.0,0.0,0.0,0.0,0.0,0.0,0.0,0.0,0.0,0.0,0.0,0.0,0.0,0.0,0.0,0.0,0.0,0.0,0.0,0.0,0.0,0.0,0.0,0.0,0.0,0.0,0.0,Not present,None
218,2.0,2023-01-02,2023-03-10,32.0,Pitch Perfect,249.0,Pabiben,Beauty/Fashion,Handcrafted products sold directly by artisans,2.0,1.0,1.0,0.0,0.0,Middle,0.0,Ahmedabad,Gujarat,0.0,0.0,50.0,35.0,50.0,5.0,1000.0,1.0,1.0,10.0,5.0,40.0,0.0,200.0,1.0,no,0.0,0.0,0.0,0.0,10.0,5.0,40.0,0.0,0.0,0.0,0.0,0.0,0.0,0.0,0.0,0.0,0.0,0.0,0.0,0.0,0.0,0.0,0.0,0.0,0.0,0.0,0.0,0.0,Not present,Namita
219,2.0,2023-01-02,2023-03-10,32.0,Pitch Perfect,250.0,Homestrap,Furnishing/Household,Collection of organizer for home and travelling,2.0,1.0,1.0,0.0,1.0,Middle,0.0,Indore,Madhya Pradesh,0.0,0.0,55.0,0.0,70.0,1.0,7000.0,1.0,1.0,50.0,7.0,20.0,10.0,714.2857143,1.0,no,0.0,0.0,0.0,0.0,0.0,0.0,0.0,50.0,7.0,20.0,0.0,0.0,0.0,0.0,0.0,0.0,0.0,0.0,0.0,0.0,0.0,0.0,0.0,0.0,0.0,0.0,0.0,0.0,Not present,Anupam
220,2.0,2023-01-02,2023-03-10,32.0,Pitch Perfect,251.0,uBreathe,Manufacturing,Smart Natural Air Purifier,2.0,2.0,0.0,0.0,0.0,Middle,0.0,Gurgaon,Haryana,0.0,0.0,0.0,0.0,150.0,7.5,2000.0,1.0,1.0,50.0,5.0,100.0,10.0,1000.0,1.0,no,0.0,0.0,0.0,0.0,50.0,5.0,100.0,0.0,0.0,0.0,0.0,0.0,0.0,0.0,0.0,0.0,0.0,0.0,0.0,0.0,0.0,0.0,0.0,0.0,0.0,0.0,0.0,0.0,Not present,Namita
221,2.0,2023-01-02,2023-03-10,32.0,Pitch Perfect,252.0,Deyor,Technology/Software,Chatbot integrated experiential travel website,2.0,2.0,0.0,0.0,0.0,Middle,0.0,Gurgaon,Haryana,0.0,0.0,25.0,5.0,100.0,1.0,10000.0,0.0,0.0,0.0,0.0,0.0,0.0,0.0,0.0,no,0.0,0.0,0.0,0.0,0.0,0.0,0.0,0.0,0.0,0.0,0.0,0.0,0.0,0.0,0.0,0.0,0.0,0.0,0.0,0.0,0.0,0.0,0.0,0.0,0.0,0.0,0.0,0.0,Not present,None
222,2.0,2023-01-02,2023-03-10,33.0,Growing With India,253.0,iMumz,Medical/Health,Transforming pregnancy and parenting with app,3.0,2.0,1.0,0.0,0.0,Middle,2020.0,Bangalore,Karnataka,0.0,0.0,0.0,0.0,70.0,1.0,7000.0,1.0,1.0,10.0,1.0,60.0,10.0,1000.0,1.0,no,0.0,0.0,0.0,0.0,0.0,0.0,0.0,0.0,0.0,0.0,0.0,0.0,0.0,0.0,0.0,0.0,10.0,1.0,60.0,0.0,0.0,0.0,0.0,0.0,0.0,0.0,0.0,0.0,Not present,Peyush
223,2.0,2023-01-02,2023-03-10,33.0,Growing With India,254.0,TheHealthyBinge,Food,Assorted Pack Baked Chips,2.0,2.0,0.0,0.0,0.0,Middle,0.0,Pune,Maharashtra,-1.0,11.0,0.0,0.0,50.0,5.0,1000.0,1.0,1.0,50.0,5.0,0.0,0.0,1000.0,2.0,no,0.0,0.0,0.0,0.0,0.0,0.0,0.0,0.0,0.0,0.0,0.0,0.0,0.0,25.0,2.5,0.0,25.0,2.5,0.0,0.0,0.0,0.0,0.0,0.0,0.0,0.0,0.0,0.0,Not present,"Aman, Peyush"
224,2.0,2023-01-02,2023-03-10,33.0,Growing With India,255.0,Freakins,Beauty/Fashion,Fashionable Denim Apparel,2.0,2.0,0.0,0.0,0.0,Middle,0.0,Mumbai,Maharashtra,-1.0,0.0,63.0,0.0,70.0,1.0,7000.0,1.0,1.0,50.0,2.5,20.0,12.0,2000.0,1.0,yes,0.0,0.0,0.0,0.0,0.0,0.0,0.0,0.0,0.0,0.0,50.0,2.5,20.0,0.0,0.0,0.0,0.0,0.0,0.0,0.0,0.0,0.0,0.0,0.0,0.0,0.0,0.0,0.0,Not present,Vineeta
225,2.0,2023-01-02,2023-03-10,34.0,Growing Ideas Into Successful Businesses,256.0,Perfora,Furnishing/Household,Toothpaste Electric Toothbrush,2.0,2.0,0.0,0.0,0.0,Young,0.0,"Ballarpur,Karnal","Haryana,Maharashtra",-1.0,0.0,57.0,0.0,80.0,1.0,8000.0,1.0,1.0,80.0,2.5,0.0,0.0,3200.0,3.0,no,0.0,0.0,0.0,0.0,26.66,0.833,0.0,0.0,0.0,0.0,26.66,0.833,0.0,0.0,0.0,0.0,26.66,0.833,0.0,0.0,0.0,0.0,0.0,0.0,0.0,0.0,0.0,0.0,Not present,"Namita, Vineeta, Peyush"
226,2.0,2023-01-02,2023-03-10,34.0,Growing Ideas Into Successful Businesses,257.0,MidNightAngelsByPC,Beauty/Fashion,Lounge & Travel wear,2.0,0.0,2.0,0.0,0.0,Middle,2017.0,Gurgaon,Haryana,180.0,0.0,83.0,20.0,75.0,6.0,1250.0,1.0,0.0,0.0,0.0,0.0,0.0,0.0,0.0,no,0.0,0.0,0.0,0.0,0.0,0.0,0.0,0.0,0.0,0.0,0.0,0.0,0.0,0.0,0.0,0.0,0.0,0.0,0.0,0.0,0.0,0.0,0.0,0.0,0.0,0.0,0.0,0.0,Not present,None
227,2.0,2023-01-02,2023-03-10,34.0,Growing Ideas Into Successful Businesses,258.0,CureSee,Medical/Health,Artificial Intelligence (AI) based vision therapy,3.0,3.0,0.0,0.0,0.0,Middle,2019.0,Gurgaon,Haryana,0.0,264.0,0.0,0.0,40.0,5.0,800.0,1.0,1.0,50.0,10.0,0.0,0.0,500.0,1.0,no,0.0,0.0,0.0,0.0,0.0,0.0,0.0,0.0,0.0,0.0,0.0,0.0,0.0,0.0,0.0,0.0,50.0,10.0,0.0,0.0,0.0,0.0,0.0,0.0,0.0,0.0,0.0,0.0,Not present,Peyush
228,2.0,2023-01-02,2023-03-10,35.0,Business Ideas Ka Pitara,259.0,MeduLance,Medical/Health,One-stop solution for all healthcare needs,2.0,2.0,0.0,0.0,0.0,Middle,0.0,Delhi,Delhi,240.0,0.0,0.0,24.0,200.0,1.0,20000.0,1.0,1.0,200.0,2.0,0.0,0.0,10000.0,3.0,no,0.0,0.0,0.0,0.0,66.66,0.666,0.0,0.0,0.0,0.0,0.0,0.0,0.0,66.66,0.666,0.0,66.66,0.666,0.0,0.0,0.0,0.0,0.0,0.0,0.0,0.0,0.0,0.0,Not present,"Namita, Aman, Peyush"
229,2.0,2023-01-02,2023-03-10,35.0,Business Ideas Ka Pitara,260.0,Cakelicious,Food,Cakes Online,2.0,0.0,2.0,0.0,0.0,Middle,0.0,Kolkata,West Bengal,0.0,3.0,60.0,40.0,25.0,5.0,500.0,1.0,1.0,25.0,20.0,0.0,0.0,125.0,1.0,no,0.0,0.0,0.0,0.0,0.0,0.0,0.0,0.0,0.0,0.0,0.0,0.0,0.0,0.0,0.0,0.0,0.0,0.0,0.0,0.0,0.0,0.0,25.0,20.0,0.0,0.0,0.0,0.0,Not present,Amit
230,2.0,2023-01-02,2023-03-10,35.0,Business Ideas Ka Pitara,261.0,Bowled.io,Sports,Play-to-Earn Social Gaming Platform,2.0,2.0,0.0,0.0,0.0,Middle,0.0,Mumbai,Maharashtra,0.0,0.0,0.0,0.0,80.0,1.0,8000.0,0.0,0.0,0.0,0.0,0.0,0.0,0.0,0.0,no,0.0,0.0,0.0,0.0,0.0,0.0,0.0,0.0,0.0,0.0,0.0,0.0,0.0,0.0,0.0,0.0,0.0,0.0,0.0,0.0,0.0,0.0,0.0,0.0,0.0,0.0,0.0,0.0,Not present,None
231,2.0,2023-01-02,2023-03-10,35.0,Business Ideas Ka Pitara,262.0,Toyshine,Manufacturing,Collection of Toys,1.0,1.0,0.0,0.0,0.0,Middle,0.0,Jalandhar,Punjab,4500.0,450.0,0.0,15.0,125.0,0.5,25000.0,0.0,0.0,0.0,0.0,0.0,0.0,0.0,0.0,no,0.0,0.0,0.0,0.0,0.0,0.0,0.0,0.0,0.0,0.0,0.0,0.0,0.0,0.0,0.0,0.0,0.0,0.0,0.0,0.0,0.0,0.0,0.0,0.0,0.0,0.0,0.0,0.0,Not present,None
232,2.0,2023-01-02,2023-03-10,36.0,Anokhe Pitchers Ke Anokhe Ideas,263.0,neuphony,Medical/Health,Wearable EEG Headband,2.0,1.0,1.0,0.0,1.0,Young,2022.0,Noida,Uttar Pradesh,-1.0,0.0,0.0,0.0,100.0,2.0,5000.0,1.0,1.0,100.0,5.4,0.0,0.0,1851.851852,2.0,no,0.0,0.0,0.0,0.0,0.0,0.0,0.0,0.0,0.0,0.0,0.0,0.0,0.0,50.0,2.7,0.0,50.0,2.7,0.0,0.0,0.0,0.0,0.0,0.0,0.0,0.0,0.0,0.0,Not present,"Aman, Peyush"
233,2.0,2023-01-02,2023-03-10,36.0,Anokhe Pitchers Ke Anokhe Ideas,264.0,Amrutam,Food,Ayurvedic Lifestyle products,3.0,2.0,1.0,0.0,0.0,Middle,2017.0,Gwalior,Madhya Pradesh,110.0,0.0,0.0,0.0,50.0,2.0,2500.0,0.0,0.0,0.0,0.0,0.0,0.0,0.0,0.0,no,0.0,0.0,0.0,0.0,0.0,0.0,0.0,0.0,0.0,0.0,0.0,0.0,0.0,0.0,0.0,0.0,0.0,0.0,0.0,0.0,0.0,0.0,0.0,0.0,0.0,0.0,0.0,0.0,Not present,None
234,2.0,2023-01-02,2023-03-10,36.0,Anokhe Pitchers Ke Anokhe Ideas,265.0,HoloKitab,Technology/Software,Augmented Reality content for books,2.0,2.0,0.0,0.0,0.0,Middle,0.0,Jalandhar,Punjab,0.0,0.0,0.0,0.0,45.0,10.0,450.0,1.0,1.0,45.0,25.0,0.0,0.0,180.0,1.0,yes,0.0,0.0,0.0,0.0,45.0,25.0,0.0,0.0,0.0,0.0,0.0,0.0,0.0,0.0,0.0,0.0,0.0,0.0,0.0,0.0,0.0,0.0,0.0,0.0,0.0,0.0,0.0,0.0,Not present,Namita
235,2.0,2023-01-02,2023-03-10,37.0,Bharat Ka Kal,266.0,Zoe,Food,Nutrition For Life. Shop health & wellness products,2.0,1.0,1.0,0.0,1.0,Middle,0.0,Gurgaon,Haryana,120.0,0.0,0.0,0.0,75.0,5.0,1500.0,0.0,0.0,0.0,0.0,0.0,0.0,0.0,0.0,no,0.0,0.0,0.0,0.0,0.0,0.0,0.0,0.0,0.0,0.0,0.0,0.0,0.0,0.0,0.0,0.0,0.0,0.0,0.0,0.0,0.0,0.0,0.0,0.0,0.0,0.0,0.0,0.0,Not present,None
236,2.0,2023-01-02,2023-03-10,37.0,Bharat Ka Kal,267.0,Hornback,Vehicles/Electrical Vehicles,Diamond frame folding bicycles,2.0,2.0,0.0,0.0,0.0,Middle,0.0,Hyderabad,Telangana,0.0,0.0,0.0,0.0,50.0,1.0,5000.0,1.0,1.0,50.0,2.5,0.0,0.0,2000.0,1.0,yes,1.0,0.0,0.0,0.0,0.0,0.0,0.0,0.0,0.0,0.0,0.0,0.0,0.0,0.0,0.0,0.0,0.0,0.0,0.0,0.0,0.0,0.0,50.0,2.5,0.0,0.0,0.0,0.0,Not present,Amit
237,2.0,2023-01-02,2023-03-10,37.0,Bharat Ka Kal,268.0,Malaki,Liquor/Beverages,Non-Alcoholic Beverages,2.0,2.0,0.0,0.0,0.0,Middle,0.0,Mumbai,Maharashtra,270.0,42.0,56.0,13.0,50.0,1.0,5000.0,1.0,1.0,50.0,3.0,0.0,0.0,1666.666667,2.0,no,0.0,0.0,0.0,0.0,0.0,0.0,0.0,0.0,0.0,0.0,0.0,0.0,0.0,25.0,1.5,0.0,25.0,1.5,0.0,0.0,0.0,0.0,0.0,0.0,0.0,0.0,0.0,0.0,Not present,"Aman, Peyush"
238,2.0,2023-01-02,2023-03-10,37.0,Bharat Ka Kal,269.0,nanoclean,Manufacturing,Contamination Control Solutions,1.0,1.0,0.0,0.0,0.0,Middle,2017.0,Bikaner,Rajasthan,110.0,5.0,0.0,0.0,80.0,2.0,4000.0,0.0,0.0,0.0,0.0,0.0,0.0,0.0,0.0,no,1.0,0.0,0.0,0.0,0.0,0.0,0.0,0.0,0.0,0.0,0.0,0.0,0.0,0.0,0.0,0.0,0.0,0.0,0.0,0.0,0.0,0.0,0.0,0.0,0.0,0.0,0.0,0.0,Not present,None
239,2.0,2023-01-02,2023-03-10,38.0,Innovation And Imagination,270.0,DesmondJi,Liquor/Beverages,"Spirits, Liqueurs & Cocktail Blends",2.0,2.0,0.0,0.0,0.0,Middle,0.0,Goa,Goa,1200.0,125.0,0.0,0.0,100.0,1.0,10000.0,0.0,0.0,0.0,0.0,0.0,0.0,0.0,0.0,no,0.0,0.0,0.0,0.0,0.0,0.0,0.0,0.0,0.0,0.0,0.0,0.0,0.0,0.0,0.0,0.0,0.0,0.0,0.0,0.0,0.0,0.0,0.0,0.0,0.0,0.0,0.0,0.0,Not present,None
240,2.0,2023-01-02,2023-03-10,38.0,Innovation And Imagination,271.0,Cremeitalia,Food,Fresh Italian Cheese Products,1.0,1.0,0.0,0.0,0.0,Middle,0.0,Mumbai,Maharashtra,0.0,62.0,0.0,0.0,90.0,1.5,6000.0,0.0,0.0,0.0,0.0,0.0,0.0,0.0,0.0,no,0.0,0.0,0.0,0.0,0.0,0.0,0.0,0.0,0.0,0.0,0.0,0.0,0.0,0.0,0.0,0.0,0.0,0.0,0.0,0.0,0.0,0.0,0.0,0.0,0.0,0.0,0.0,0.0,Not present,None
241,2.0,2023-01-02,2023-03-10,38.0,Innovation And Imagination,272.0,nawgati,Services,Congestion Management for Fuel Stations,3.0,3.0,0.0,0.0,0.0,Young,0.0,Noida,Uttar Pradesh,0.0,0.0,0.0,0.0,67.0,2.0,3350.0,1.0,1.0,67.0,3.0,0.0,0.0,2233.333333,2.0,no,0.0,0.0,0.0,0.0,0.0,0.0,0.0,0.0,0.0,0.0,0.0,0.0,0.0,33.5,1.5,0.0,0.0,0.0,0.0,0.0,0.0,0.0,33.5,1.5,0.0,0.0,0.0,0.0,Not present,"Aman, Amit"
242,2.0,2023-01-02,2023-03-10,38.0,Innovation And Imagination,273.0,Swytchd,Vehicles/Electrical Vehicles,All-inclusive Electric Vehicle Subscription,1.0,1.0,0.0,0.0,0.0,Middle,0.0,Bangalore,Karnataka,0.0,0.0,0.0,0.0,50.0,3.0,1666.666667,0.0,0.0,0.0,0.0,0.0,0.0,0.0,0.0,no,0.0,0.0,0.0,0.0,0.0,0.0,0.0,0.0,0.0,0.0,0.0,0.0,0.0,0.0,0.0,0.0,0.0,0.0,0.0,0.0,0.0,0.0,0.0,0.0,0.0,0.0,0.0,0.0,Not present,None
243,2.0,2023-01-02,2023-03-10,39.0,Revolutionary Ideas And Successful Businesses,274.0,GladFul,Food,Natural High Protein Rich & Healthy Foods,2.0,1.0,1.0,0.0,0.0,Middle,2022.0,Jaipur,Rajasthan,-1.0,24.0,0.0,0.0,50.0,2.0,2500.0,1.0,1.0,50.0,3.5,0.0,0.0,1428.571429,3.0,no,0.0,0.0,0.0,0.0,16.66,1.1666,0.0,0.0,0.0,0.0,0.0,0.0,0.0,16.66,1.1666,0.0,0.0,0.0,0.0,0.0,0.0,0.0,16.66,1.1666,0.0,0.0,0.0,0.0,Not present,"Namita, Aman, Amit"
244,2.0,2023-01-02,2023-03-10,39.0,Revolutionary Ideas And Successful Businesses,275.0,Pharmallama,Medical/Health,Simplified pharmacy,3.0,3.0,0.0,0.0,0.0,Middle,2022.0,Bangalore,Karnataka,0.0,24.0,0.0,0.0,100.0,1.5,6666.666667,1.0,1.0,200.0,5.0,0.0,0.0,4000.0,5.0,no,0.0,0.0,0.0,0.0,40.0,1.0,0.0,40.0,1.0,0.0,0.0,0.0,0.0,40.0,1.0,0.0,40.0,1.0,0.0,0.0,0.0,0.0,40.0,1.0,0.0,0.0,0.0,0.0,Not present,"Namita, Anupam, Aman, Peyush, Amit"
245,2.0,2023-01-02,2023-03-10,39.0,Revolutionary Ideas And Successful Businesses,276.0,CraveRajaFoods,Food,Cloud-kitchen service,2.0,2.0,0.0,0.0,0.0,Middle,2020.0,Kolkata,West Bengal,256.0,20.0,70.0,3.0,65.0,3.0,2166.666667,0.0,0.0,0.0,0.0,0.0,0.0,0.0,0.0,no,0.0,0.0,0.0,0.0,0.0,0.0,0.0,0.0,0.0,0.0,0.0,0.0,0.0,0.0,0.0,0.0,0.0,0.0,0.0,0.0,0.0,0.0,0.0,0.0,0.0,0.0,0.0,0.0,Not present,None
246,2.0,2023-01-02,2023-03-10,39.0,Revolutionary Ideas And Successful Businesses,277.0,VAPerfume,Furnishing/Household,"Devotional, meditational, and romantic incense",1.0,1.0,0.0,0.0,0.0,Middle,0.0,Mumbai,Maharashtra,0.0,0.0,56.0,35.0,100.0,10.0,1000.0,0.0,0.0,0.0,0.0,0.0,0.0,0.0,0.0,no,0.0,0.0,0.0,0.0,0.0,0.0,0.0,0.0,0.0,0.0,0.0,0.0,0.0,0.0,0.0,0.0,0.0,0.0,0.0,0.0,0.0,0.0,0.0,0.0,0.0,0.0,0.0,0.0,Not present,None
247,2.0,2023-01-02,2023-03-10,40.0,Creating Valuable Businesses,278.0,Hood,Technology/Software,Pseudonymous social network,3.0,3.0,0.0,0.0,0.0,Middle,2022.0,Gurgaon,Haryana,0.0,0.0,0.0,0.0,120.0,0.2,60000.0,1.0,1.0,60.0,0.54,60.0,12.0,11111.11111,2.0,no,0.0,0.0,0.0,0.0,0.0,0.0,0.0,0.0,0.0,0.0,0.0,0.0,0.0,30.0,0.27,30.0,30.0,0.27,30.0,0.0,0.0,0.0,0.0,0.0,0.0,0.0,0.0,0.0,Not present,"Aman, Peyush"
248,2.0,2023-01-02,2023-03-10,40.0,Creating Valuable Businesses,279.0,TwistingScoops,Food,Authentic turkish ice cream,2.0,2.0,0.0,0.0,0.0,Young,0.0,Delhi,Delhi,0.0,0.0,0.0,40.0,100.0,2.5,4000.0,1.0,0.0,0.0,0.0,0.0,0.0,0.0,0.0,no,0.0,0.0,0.0,0.0,0.0,0.0,0.0,0.0,0.0,0.0,0.0,0.0,0.0,0.0,0.0,0.0,0.0,0.0,0.0,0.0,0.0,0.0,0.0,0.0,0.0,0.0,0.0,0.0,Not present,None
249,2.0,2023-01-02,2023-03-10,40.0,Creating Valuable Businesses,280.0,GROWiT,Agriculture,Protective farming products,2.0,2.0,0.0,0.0,0.0,Middle,0.0,Surat,Gujarat,-1.0,0.0,22.0,0.0,100.0,1.0,10000.0,1.0,1.0,50.0,1.0,50.0,10.0,5000.0,2.0,no,0.0,0.0,0.0,0.0,25.0,0.5,25.0,0.0,0.0,0.0,0.0,0.0,0.0,0.0,0.0,0.0,25.0,0.5,25.0,0.0,0.0,0.0,0.0,0.0,0.0,0.0,0.0,0.0,Not present,"Namita, Peyush"
250,2.0,2023-01-02,2023-03-10,41.0,Out Of The Box Business Ideas,281.0,Makino,Food,Nachos & Nuts,4.0,4.0,0.0,0.0,0.0,Young,2018.0,Himmatnagar,Gujarat,0.0,2.5,40.0,0.0,200.0,2.0,10000.0,0.0,0.0,0.0,0.0,0.0,0.0,0.0,0.0,no,0.0,0.0,0.0,0.0,0.0,0.0,0.0,0.0,0.0,0.0,0.0,0.0,0.0,0.0,0.0,0.0,0.0,0.0,0.0,0.0,0.0,0.0,0.0,0.0,0.0,0.0,0.0,0.0,Not present,None
251,2.0,2023-01-02,2023-03-10,41.0,Out Of The Box Business Ideas,282.0,Trunome,Medical/Health,Post Transplant Care,2.0,2.0,0.0,0.0,0.0,Middle,0.0,Chennai,Tamil Nadu,0.0,0.0,0.0,0.0,150.0,1.0,15000.0,1.0,1.0,150.0,2.0,0.0,0.0,7500.0,4.0,no,1.0,0.0,0.0,0.0,0.0,0.0,0.0,37.5,0.5,0.0,37.5,0.5,0.0,37.5,0.5,0.0,37.5,0.5,0.0,0.0,0.0,0.0,0.0,0.0,0.0,0.0,0.0,0.0,Not present,"Anupam, Vineeta, Aman, Peyush"
252,2.0,2023-01-02,2023-03-10,41.0,Out Of The Box Business Ideas,283.0,Wol3D,Manufacturing,3D printing technology,4.0,2.0,2.0,0.0,1.0,Middle,2016.0,Mumbai,Maharashtra,0.0,0.0,30.0,0.0,150.0,1.0,15000.0,1.0,1.0,80.0,2.0,70.0,0.0,4000.0,1.0,no,0.0,0.0,0.0,0.0,0.0,0.0,0.0,0.0,0.0,0.0,0.0,0.0,0.0,80.0,2.0,70.0,0.0,0.0,0.0,0.0,0.0,0.0,0.0,0.0,0.0,0.0,0.0,0.0,Not present,Aman
253,2.0,2023-01-02,2023-03-10,41.0,Out Of The Box Business Ideas,284.0,What'sUpWellness,Food,Wellness in the form of quick bites,2.0,1.0,1.0,0.0,0.0,Middle,0.0,Kolkata,West Bengal,0.0,30.0,0.0,0.0,50.0,3.0,1666.666667,1.0,1.0,60.0,4.76,0.0,0.0,1260.504202,3.0,no,0.0,0.0,0.0,0.0,0.0,0.0,0.0,20.0,1.586,0.0,20.0,1.586,0.0,20.0,1.586,0.0,0.0,0.0,0.0,0.0,0.0,0.0,0.0,0.0,0.0,0.0,0.0,0.0,Not present,"Anupam, Vineeta, Aman"
254,2.0,2023-01-02,2023-03-10,42.0,Building Businesses From Scratch,285.0,ProostBeer,Liquor/Beverages,Freshly brewed beer,2.0,2.0,0.0,0.0,0.0,Middle,2018.0,Delhi,Delhi,-1.0,0.0,0.0,0.0,100.0,0.75,13333.33333,0.0,0.0,0.0,0.0,0.0,0.0,0.0,0.0,no,0.0,0.0,0.0,0.0,0.0,0.0,0.0,0.0,0.0,0.0,0.0,0.0,0.0,0.0,0.0,0.0,0.0,0.0,0.0,0.0,0.0,0.0,0.0,0.0,0.0,0.0,0.0,0.0,Not present,None
255,2.0,2023-01-02,2023-03-10,42.0,Building Businesses From Scratch,286.0,DrCubes,Liquor/Beverages,Frozen Fresh cubes,2.0,2.0,0.0,0.0,0.0,Middle,2017.0,Bangalore,Karnataka,75.0,0.0,45.0,35.0,80.0,15.0,533.3333333,0.0,0.0,0.0,0.0,0.0,0.0,0.0,0.0,no,0.0,0.0,0.0,0.0,0.0,0.0,0.0,0.0,0.0,0.0,0.0,0.0,0.0,0.0,0.0,0.0,0.0,0.0,0.0,0.0,0.0,0.0,0.0,0.0,0.0,0.0,0.0,0.0,Not present,None
256,2.0,2023-01-02,2023-03-10,42.0,Building Businesses From Scratch,287.0,MetroRide,Vehicles/Electrical Vehicles,Metro Shuttle Service Access Transportation,2.0,2.0,0.0,0.0,0.0,Middle,0.0,Bangalore,Karnataka,54.0,25.0,0.0,0.0,75.0,1.0,7500.0,0.0,0.0,0.0,0.0,0.0,0.0,0.0,0.0,no,0.0,0.0,0.0,0.0,0.0,0.0,0.0,0.0,0.0,0.0,0.0,0.0,0.0,0.0,0.0,0.0,0.0,0.0,0.0,0.0,0.0,0.0,0.0,0.0,0.0,0.0,0.0,0.0,Not present,None
257,2.0,2023-01-02,2023-03-10,42.0,Building Businesses From Scratch,288.0,Conker,Technology/Software,Skill Based Learning Online Courses,1.0,1.0,0.0,0.0,0.0,Middle,0.0,Bangalore,Karnataka,120.0,22.0,50.0,8.0,40.0,1.0,4000.0,0.0,0.0,0.0,0.0,0.0,0.0,0.0,0.0,no,0.0,0.0,0.0,0.0,0.0,0.0,0.0,0.0,0.0,0.0,0.0,0.0,0.0,0.0,0.0,0.0,0.0,0.0,0.0,0.0,0.0,0.0,0.0,0.0,0.0,0.0,0.0,0.0,Not present,None
258,2.0,2023-01-02,2023-03-10,43.0,Creating Value Through Ideas,289.0,WTF,Food,Where's The Food,1.0,1.0,0.0,0.0,0.0,Middle,0.0,Kolkata,West Bengal,0.0,0.0,0.0,0.0,75.0,5.0,1500.0,0.0,0.0,0.0,0.0,0.0,0.0,0.0,0.0,no,0.0,0.0,0.0,0.0,0.0,0.0,0.0,0.0,0.0,0.0,0.0,0.0,0.0,0.0,0.0,0.0,0.0,0.0,0.0,0.0,0.0,0.0,0.0,0.0,0.0,0.0,0.0,0.0,Not present,None
259,2.0,2023-01-02,2023-03-10,43.0,Creating Value Through Ideas,290.0,funngro,Technology/Software,Smart Teens work with Smart companies,3.0,1.0,2.0,0.0,1.0,Middle,2021.0,Mumbai,Maharashtra,0.0,0.0,0.0,0.0,50.0,1.25,4000.0,1.0,1.0,50.0,4.16,0.0,0.0,1201.923077,2.0,no,0.0,0.0,0.0,0.0,25.0,2.08,0.0,0.0,0.0,0.0,0.0,0.0,0.0,0.0,0.0,0.0,0.0,0.0,0.0,0.0,0.0,0.0,25.0,2.08,0.0,0.0,0.0,0.0,Not present,"Namita, Amit"
260,2.0,2023-01-02,2023-03-10,43.0,Creating Value Through Ideas,291.0,Aadvik,Food,Buy Camel & Goat Milk,2.0,2.0,0.0,0.0,0.0,Middle,0.0,Delhi,Delhi,720.0,50.0,0.0,0.0,60.0,1.5,4000.0,1.0,1.0,15.0,1.5,45.0,12.0,1000.0,1.0,no,0.0,0.0,0.0,0.0,0.0,0.0,0.0,0.0,0.0,0.0,0.0,0.0,0.0,0.0,0.0,0.0,0.0,0.0,0.0,0.0,0.0,0.0,15.0,1.5,45.0,0.0,0.0,0.0,Not present,Amit
261,2.0,2023-01-02,2023-03-10,43.0,Creating Value Through Ideas,292.0,oyehappy,Services,"Unique Gifts, Customized Gifts, Romantic Gifts, Thoughtful Gifts",2.0,2.0,0.0,0.0,0.0,Middle,0.0,Hyderabad,Telangana,1005.0,80.0,80.0,0.0,50.0,1.0,5000.0,0.0,0.0,0.0,0.0,0.0,0.0,0.0,0.0,no,0.0,0.0,0.0,0.0,0.0,0.0,0.0,0.0,0.0,0.0,0.0,0.0,0.0,0.0,0.0,0.0,0.0,0.0,0.0,0.0,0.0,0.0,0.0,0.0,0.0,0.0,0.0,0.0,Not present,None
262,2.0,2023-01-02,2023-03-10,44.0,Entrepreneurship Ka Junoon,293.0,HealthyMaster,Food,"Online Dry Fruits, Snacks, Berries, Chips",3.0,1.0,2.0,0.0,1.0,Middle,2019.0,Bangalore,Karnataka,-1.0,20.0,45.0,0.0,50.0,2.0,2500.0,1.0,1.0,50.0,6.5,0.0,0.0,769.2307692,1.0,no,0.0,0.0,0.0,0.0,0.0,0.0,0.0,0.0,0.0,0.0,50.0,6.5,0.0,0.0,0.0,0.0,0.0,0.0,0.0,0.0,0.0,0.0,0.0,0.0,0.0,0.0,0.0,0.0,Not present,Vineeta
263,2.0,2023-01-02,2023-03-10,44.0,Entrepreneurship Ka Junoon,294.0,Kitsons,Furnishing/Household,"Stationery, Art & Craft, Books & Toy Retail Space",3.0,3.0,0.0,0.0,0.0,Middle,2010.0,Hyderabad,Telangana,0.0,0.0,0.0,0.0,1000.0,10.0,10000.0,0.0,0.0,0.0,0.0,0.0,0.0,0.0,0.0,no,0.0,0.0,0.0,0.0,0.0,0.0,0.0,0.0,0.0,0.0,0.0,0.0,0.0,0.0,0.0,0.0,0.0,0.0,0.0,0.0,0.0,0.0,0.0,0.0,0.0,0.0,0.0,0.0,Not present,None
264,2.0,2023-01-02,2023-03-10,44.0,Entrepreneurship Ka Junoon,295.0,LondonBubble,Food,Waffle Chips Online,2.0,2.0,0.0,0.0,0.0,Middle,0.0,Mumbai,Maharashtra,0.0,0.0,0.0,0.0,75.0,5.0,1500.0,1.0,1.0,75.0,15.0,0.0,0.0,500.0,1.0,no,0.0,0.0,0.0,0.0,75.0,15.0,0.0,0.0,0.0,0.0,0.0,0.0,0.0,0.0,0.0,0.0,0.0,0.0,0.0,0.0,0.0,0.0,0.0,0.0,0.0,0.0,0.0,0.0,Not present,Namita
265,2.0,2023-01-02,2023-03-10,44.0,Entrepreneurship Ka Junoon,296.0,WaggyZone,Animal/Pets,"Ice Cream Treat for Dogs, Puppies and Cats",1.0,0.0,1.0,0.0,0.0,Middle,0.0,Mumbai,Maharashtra,0.0,1.0,60.0,0.0,50.0,5.0,1000.0,0.0,0.0,0.0,0.0,0.0,0.0,0.0,0.0,no,0.0,0.0,0.0,0.0,0.0,0.0,0.0,0.0,0.0,0.0,0.0,0.0,0.0,0.0,0.0,0.0,0.0,0.0,0.0,0.0,0.0,0.0,0.0,0.0,0.0,0.0,0.0,0.0,Not present,None
266,2.0,2023-01-02,2023-03-10,45.0,True Meaning Of Entrepreneurship,297.0,NutriCook,Food,"Smart Pots, Air Fryers, Air Fryer Oven",2.0,1.0,1.0,0.0,0.0,Middle,0.0,"Bangalore,Punganur","Karnataka,Andhra Pradesh",13.0,0.0,0.0,0.0,100.0,2.0,5000.0,1.0,1.0,50.0,10.0,50.0,12.0,500.0,1.0,no,0.0,0.0,0.0,0.0,0.0,0.0,0.0,0.0,0.0,0.0,50.0,10.0,50.0,0.0,0.0,0.0,0.0,0.0,0.0,0.0,0.0,0.0,0.0,0.0,0.0,0.0,0.0,0.0,Not present,Vineeta
267,2.0,2023-01-02,2023-03-10,45.0,True Meaning Of Entrepreneurship,298.0,Subhag,Medical/Health,Health-tech IUI Treatment Procedure for Infertility,3.0,3.0,0.0,0.0,0.0,Middle,0.0,"Jhumri Telaiya,Raipur","Jharkhand,Chhattisgarh",0.0,0.0,0.0,0.0,50.0,1.0,5000.0,1.0,1.0,20.0,1.0,30.0,10.0,2000.0,1.0,no,1.0,0.0,0.0,0.0,20.0,1.0,30.0,0.0,0.0,0.0,0.0,0.0,0.0,0.0,0.0,0.0,0.0,0.0,0.0,0.0,0.0,0.0,0.0,0.0,0.0,0.0,0.0,0.0,Not present,Namita
268,2.0,2023-01-02,2023-03-10,45.0,True Meaning Of Entrepreneurship,299.0,SinghStyled,Beauty/Fashion,Sikh Gentleman to maintain their Guru-gifted identity,2.0,2.0,0.0,0.0,0.0,Middle,2019.0,Mumbai,Maharashtra,0.0,7.5,0.0,0.0,50.0,5.0,1000.0,1.0,1.0,50.0,10.0,0.0,0.0,500.0,1.0,yes,0.0,0.0,0.0,0.0,0.0,0.0,0.0,0.0,0.0,0.0,0.0,0.0,0.0,0.0,0.0,0.0,50.0,10.0,0.0,0.0,0.0,0.0,0.0,0.0,0.0,0.0,0.0,0.0,Not present,Peyush
269,2.0,2023-01-02,2023-03-10,46.0,Different Colours Of Entrepreneurship,300.0,ZSportsTech,Sports,Cricket Sport Shop,2.0,2.0,0.0,0.0,0.0,Middle,0.0,Mumbai,Maharashtra,31.0,0.0,0.0,0.0,60.0,2.0,3000.0,0.0,0.0,0.0,0.0,0.0,0.0,0.0,0.0,no,0.0,0.0,0.0,0.0,0.0,0.0,0.0,0.0,0.0,0.0,0.0,0.0,0.0,0.0,0.0,0.0,0.0,0.0,0.0,0.0,0.0,0.0,0.0,0.0,0.0,0.0,0.0,0.0,Not present,None
270,2.0,2023-01-02,2023-03-10,46.0,Different Colours Of Entrepreneurship,301.0,ThePlatedProject,Services,Decor Plates & Dinnerware,1.0,1.0,0.0,0.0,0.0,Middle,0.0,Mumbai,Maharashtra,0.0,0.0,0.0,0.0,75.0,2.0,3750.0,1.0,1.0,75.0,3.75,0.0,0.0,2000.0,3.0,no,0.0,0.0,0.0,0.0,25.0,1.25,0.0,0.0,0.0,0.0,25.0,1.25,0.0,25.0,1.25,0.0,0.0,0.0,0.0,0.0,0.0,0.0,0.0,0.0,0.0,0.0,0.0,0.0,Not present,"Namita, Vineeta, Aman"
271,2.0,2023-01-02,2023-03-10,46.0,Different Colours Of Entrepreneurship,302.0,VsnapU,Services,Professional Photography service,4.0,4.0,0.0,0.0,0.0,Middle,2017.0,Goa,Goa,0.0,15.0,0.0,0.0,50.0,1.5,3333.333333,0.0,0.0,0.0,0.0,0.0,0.0,0.0,0.0,no,0.0,0.0,0.0,0.0,0.0,0.0,0.0,0.0,0.0,0.0,0.0,0.0,0.0,0.0,0.0,0.0,0.0,0.0,0.0,0.0,0.0,0.0,0.0,0.0,0.0,0.0,0.0,0.0,Not present,None
272,2.0,2023-01-02,2023-03-10,46.0,Different Colours Of Entrepreneurship,303.0,TheHealthyFactory,Food,Protein bread,2.0,2.0,0.0,0.0,0.0,Young,2018.0,Mumbai,Maharashtra,-1.0,0.0,56.0,0.0,75.0,2.1,3571.428571,0.0,0.0,0.0,0.0,0.0,0.0,0.0,0.0,no,0.0,0.0,0.0,0.0,0.0,0.0,0.0,0.0,0.0,0.0,0.0,0.0,0.0,0.0,0.0,0.0,0.0,0.0,0.0,0.0,0.0,0.0,0.0,0.0,0.0,0.0,0.0,0.0,Not present,None
273,2.0,2023-01-02,2023-03-10,47.0,Tunnel Se Tank Tak Ka Safar,304.0,Brevistay,Services,Booking hotels for hours,5.0,5.0,0.0,0.0,0.0,Young,2016.0,"Dehradun,Nainital,Lucknow","Uttarakhand,Uttar Pradesh",0.0,42.0,0.0,0.0,100.0,1.66,6024.096386,0.0,0.0,0.0,0.0,0.0,0.0,0.0,0.0,no,0.0,0.0,0.0,0.0,0.0,0.0,0.0,0.0,0.0,0.0,0.0,0.0,0.0,0.0,0.0,0.0,0.0,0.0,0.0,0.0,0.0,0.0,0.0,0.0,0.0,0.0,0.0,0.0,Not present,None
274,2.0,2023-01-02,2023-03-10,47.0,Tunnel Se Tank Tak Ka Safar,305.0,SoulUp,Services,Real Conversations Real People,2.0,0.0,2.0,0.0,0.0,Middle,0.0,Bangalore,Karnataka,0.0,0.0,0.0,0.0,50.0,3.0,1666.666667,1.0,1.0,50.0,5.0,0.0,0.0,1000.0,1.0,no,0.0,0.0,0.0,0.0,50.0,5.0,0.0,0.0,0.0,0.0,0.0,0.0,0.0,0.0,0.0,0.0,0.0,0.0,0.0,0.0,0.0,0.0,0.0,0.0,0.0,0.0,0.0,0.0,Not present,Namita
275,2.0,2023-01-02,2023-03-10,47.0,Tunnel Se Tank Tak Ka Safar,306.0,TheBigBookBox - ChapterOneBooks,Furnishing/Household,New paperback and hardcover books,2.0,1.0,1.0,0.0,0.0,Middle,0.0,Gopalganj,Bihar,140.0,0.0,0.0,0.0,50.0,8.0,625.0,0.0,0.0,0.0,0.0,0.0,0.0,0.0,0.0,no,0.0,0.0,0.0,0.0,0.0,0.0,0.0,0.0,0.0,0.0,0.0,0.0,0.0,0.0,0.0,0.0,0.0,0.0,0.0,0.0,0.0,0.0,0.0,0.0,0.0,0.0,0.0,0.0,Not present,None
276,2.0,2023-01-02,2023-03-10,48.0,"Pitchers, Investments And Businesses",307.0,Rubans,Beauty/Fashion,Artificial Jewellery Set Online,2.0,1.0,1.0,0.0,1.0,Middle,2014.0,Bangalore,Karnataka,5100.0,0.0,0.0,0.0,150.0,0.5,30000.0,1.0,1.0,100.0,1.0,50.0,12.0,10000.0,3.0,no,0.0,0.0,0.0,0.0,33.33,0.333,16.66,0.0,0.0,0.0,33.33,0.333,16.66,33.33,0.333,16.66,0.0,0.0,0.0,0.0,0.0,0.0,0.0,0.0,0.0,0.0,0.0,0.0,Not present,"Namita, Vineeta, Aman"
277,2.0,2023-01-02,2023-03-10,48.0,"Pitchers, Investments And Businesses",308.0,SameNotification,Technology/Software,parental monitoring app,1.0,1.0,0.0,0.0,0.0,Middle,0.0,"Ahmedabad,Mirzapur","Gujarat,Uttar Pradesh",0.0,0.0,0.0,0.0,25.0,15.0,166.6666667,0.0,0.0,0.0,0.0,0.0,0.0,0.0,0.0,no,0.0,0.0,0.0,0.0,0.0,0.0,0.0,0.0,0.0,0.0,0.0,0.0,0.0,0.0,0.0,0.0,0.0,0.0,0.0,0.0,0.0,0.0,0.0,0.0,0.0,0.0,0.0,0.0,Not present,None
278,2.0,2023-01-02,2023-03-10,48.0,"Pitchers, Investments And Businesses",309.0,BottomLineSprays,Furnishing/Household,portable jet spray,2.0,1.0,1.0,0.0,1.0,Middle,0.0,Ahmedabad,Gujarat,0.0,2.0,0.0,0.0,35.0,5.0,700.0,0.0,0.0,0.0,0.0,0.0,0.0,0.0,0.0,no,0.0,0.0,0.0,0.0,0.0,0.0,0.0,0.0,0.0,0.0,0.0,0.0,0.0,0.0,0.0,0.0,0.0,0.0,0.0,0.0,0.0,0.0,0.0,0.0,0.0,0.0,0.0,0.0,Not present,None
279,2.0,2023-01-02,2023-03-10,48.0,"Pitchers, Investments And Businesses",310.0,LilGoodness,Food,Healthy Snacks,2.0,2.0,0.0,0.0,0.0,Middle,2020.0,Bangalore,Karnataka,-1.0,145.0,65.0,0.0,100.0,1.0,10000.0,1.0,1.0,50.0,1.0,50.0,10.0,5000.0,1.0,no,0.0,0.0,0.0,0.0,0.0,0.0,0.0,0.0,0.0,0.0,0.0,0.0,0.0,0.0,0.0,0.0,50.0,1.0,50.0,0.0,0.0,0.0,0.0,0.0,0.0,0.0,0.0,0.0,Not present,Peyush
280,2.0,2023-01-02,2023-03-10,49.0,Businesses Adding Value To Society,311.0,ForeverModest,Beauty/Fashion,premium Muslim women's clothing,1.0,0.0,1.0,0.0,0.0,Young,2021.0,Aurangabad,Maharashtra,0.0,4.2,0.0,0.0,20.0,10.0,200.0,1.0,1.0,20.0,20.0,0.0,0.0,100.0,4.0,no,0.0,0.0,0.0,0.0,5.0,5.0,0.0,5.0,5.0,0.0,5.0,5.0,0.0,0.0,0.0,0.0,0.0,0.0,0.0,0.0,0.0,0.0,5.0,5.0,0.0,0.0,0.0,0.0,Not present,"Namita, Anupam, Vineeta, Amit"
281,2.0,2023-01-02,2023-03-10,49.0,Businesses Adding Value To Society,312.0,Sahayatha,Medical/Health,smart wheelchair with an assistive cleansing device,1.0,0.0,1.0,0.0,0.0,Young,2022.0,Coimbatore,Tamil Nadu,0.0,0.0,0.0,0.0,100.0,10.0,1000.0,1.0,1.0,100.0,10.0,0.0,0.0,1000.0,5.0,no,1.0,0.0,0.0,0.0,20.0,2.0,0.0,20.0,2.0,0.0,0.0,0.0,0.0,20.0,2.0,0.0,20.0,2.0,0.0,0.0,0.0,0.0,20.0,2.0,0.0,0.0,0.0,0.0,Not present,"Namita, Anupam, Aman, Peyush, Amit"
282,2.0,2023-01-02,2023-03-10,49.0,Businesses Adding Value To Society,313.0,WickedGud,Food,High Protein & Fiber Gluten Free Vegan food,3.0,3.0,0.0,0.0,0.0,Middle,2021.0,Mumbai,Maharashtra,-1.0,0.0,0.0,0.0,50.0,1.0,5000.0,0.0,0.0,0.0,0.0,0.0,0.0,0.0,0.0,no,0.0,0.0,0.0,0.0,0.0,0.0,0.0,0.0,0.0,0.0,0.0,0.0,0.0,0.0,0.0,0.0,0.0,0.0,0.0,0.0,0.0,0.0,0.0,0.0,0.0,0.0,0.0,0.0,Not present,None
283,2.0,2023-01-02,2023-03-10,49.0,Businesses Adding Value To Society,314.0,maisha,Beauty/Fashion,Handmade Cotton & Jacquard Bags,3.0,2.0,1.0,0.0,0.0,Middle,2018.0,Ahmedabad,Gujarat,0.0,0.0,0.0,0.0,75.0,3.0,2500.0,1.0,1.0,10.0,1.0,65.0,18.0,1000.0,1.0,no,0.0,0.0,0.0,0.0,0.0,0.0,0.0,0.0,0.0,0.0,0.0,0.0,0.0,0.0,0.0,0.0,0.0,0.0,0.0,0.0,0.0,0.0,10.0,1.0,65.0,0.0,0.0,0.0,Not present,Amit
284,2.0,2023-01-02,2023-03-10,50.0,Season Finale With The Sharks,315.0,NishHair,Beauty/Fashion,100% Human Hair Extensions,1.0,0.0,1.0,0.0,0.0,Middle,2017.0,Mumbai,Maharashtra,670.0,80.0,0.0,30.0,100.0,2.0,5000.0,1.0,1.0,100.0,2.0,0.0,0.0,5000.0,1.0,no,0.0,0.0,0.0,0.0,0.0,0.0,0.0,0.0,0.0,0.0,0.0,0.0,0.0,0.0,0.0,0.0,0.0,0.0,0.0,0.0,0.0,0.0,100.0,2.0,0.0,0.0,0.0,0.0,Not present,Amit
285,2.0,2023-01-02,2023-03-10,50.0,Season Finale With The Sharks,316.0,MYBYK,Vehicles/Electrical Vehicles,IoT-enabled bikes,1.0,1.0,0.0,0.0,0.0,Middle,0.0,Ahmedabad,Gujarat,-1.0,0.0,0.0,0.0,200.0,1.0,20000.0,0.0,0.0,0.0,0.0,0.0,0.0,0.0,0.0,no,0.0,0.0,0.0,0.0,0.0,0.0,0.0,0.0,0.0,0.0,0.0,0.0,0.0,0.0,0.0,0.0,0.0,0.0,0.0,0.0,0.0,0.0,0.0,0.0,0.0,0.0,0.0,0.0,Not present,None
286,2.0,2023-01-02,2023-03-10,51.0,Gateway To Shark Tank India,317.0,GODESi,Food,Handmade lollipops,2.0,1.0,1.0,0.0,0.0,Middle,0.0,Bangalore,Karnataka,-1.0,270.0,0.0,0.0,90.0,0.5,18000.0,1.0,0.0,0.0,0.0,0.0,0.0,0.0,0.0,no,0.0,0.0,0.0,0.0,0.0,0.0,0.0,0.0,0.0,0.0,0.0,0.0,0.0,0.0,0.0,0.0,0.0,0.0,0.0,0.0,0.0,0.0,0.0,0.0,0.0,0.0,0.0,0.0,Not present,None
287,2.0,2023-01-02,2023-03-10,51.0,Gateway To Shark Tank India,318.0,TAC,Beauty/Fashion,"ayurveda co for glowing skin, makeup & open pores",2.0,1.0,1.0,0.0,1.0,Middle,0.0,Mumbai,Maharashtra,-1.0,0.0,0.0,0.0,150.0,0.5,30000.0,1.0,1.0,81.0,1.0,69.0,12.0,8100.0,2.0,no,0.0,0.0,0.0,0.0,0.0,0.0,0.0,0.0,0.0,0.0,0.0,0.0,0.0,40.5,0.5,34.5,0.0,0.0,0.0,0.0,0.0,0.0,0.0,0.0,0.0,40.5,0.5,34.5,Vikas,"Aman, Guest"
288,2.0,2023-01-02,2023-03-10,51.0,Gateway To Shark Tank India,319.0,Naara-Aaba,Liquor/Beverages,pears and plum wine,2.0,1.0,1.0,0.0,1.0,Middle,2017.0,Ziro,Arunachal Pradesh,0.0,0.0,50.0,18.0,75.0,2.5,3000.0,1.0,1.0,50.0,5.0,25.0,10.0,1000.0,2.0,no,0.0,0.0,0.0,0.0,0.0,0.0,0.0,0.0,0.0,0.0,25.0,2.5,12.5,0.0,0.0,0.0,0.0,0.0,0.0,0.0,0.0,0.0,0.0,0.0,0.0,25.0,2.5,12.5,Vikas,"Vineeta, Guest"
289,2.0,2023-01-02,2023-03-10,51.0,Gateway To Shark Tank India,320.0,StyloBug,Beauty/Fashion,Girls Dresses Online,2.0,1.0,1.0,0.0,0.0,Middle,0.0,Delhi,Delhi,1400.0,46.0,0.0,18.0,80.0,2.0,4000.0,1.0,1.0,80.0,10.0,0.0,0.0,800.0,1.0,no,0.0,0.0,0.0,0.0,0.0,0.0,0.0,0.0,0.0,0.0,0.0,0.0,0.0,0.0,0.0,0.0,0.0,0.0,0.0,0.0,0.0,0.0,80.0,10.0,0.0,0.0,0.0,0.0,Not present,Amit
